<<<<<<< HEAD
:108000008200D9BC8200DA968200DA878200DA9791
:108010008200DA988200DA998200DA9A8200DA9B8A
:108020008200DA9C8200DA9D8200DA9E8200DA9F6A
:108030008200DAA08200DAA18200D8F08200DAA2FF
:108040008200DAA38200DAA48200DAA58200DAA62E
:108050008200DAA78200DAA88200DAA98200DAAA0E
:108060008200DAAB8200DAAC8200DAAD8200D90B92
:108070008200DAAE8200DAAF8200D9268200DAB05E
=======
:108000008200D86A8200D9448200D9358200D945DD
:108010008200D9468200D9478200D9488200D949D6
:108020008200D94A8200D94B8200D94C8200D94DB6
:108030008200D94E8200D94F8200D79E8200D9504B
:108040008200D9518200D9528200D9538200D9547A
:108050008200D9558200D9568200D9578200D9585A
:108060008200D9598200D95A8200D95B8200D7B9DF
:108070008200D95C8200D95D8200D7D48200D95EAB
>>>>>>> SCX1702_LCD_for_RSSI
:10808000B8B8B8B8B880B8B8B8B8B880B8B8B8B8E0
:10809000B880B8B8B8B8B880B8B8B8B8B880B8B808
:1080A000B8B8B880B8B8B8B8B880B8B8B8B8B880F8
:1080B000B8B8B8B8B880B8B8B8B8B880B8B8B8B8B0
:1080C000B880B8B8B8B8B8B8B8B8B8B880B8B8B8A0
:1080D000B8B880B8B8B8B8B880B8B8B8B8B880B8C8
:1080E000B8B8B8B880B8B8B8B8B880B8B8B8B8B880
:1080F00080B8B8B8B8B880B8B8B8B8B880B8B8B8A8
:10810000B8B880B8B8B8B8B8808080808080B8B877
:10811000B8B8B880B8B8B8B8B880B8B8B8B8B88087
:10812000B8B8B8B8B880B8B8B8B8B880B8B8B8B83F
:10813000B880B8B8B8B8B880B8B8B8B8B880B8B867
:10814000B8B8B880B8B8B8B8B8808080808080806F
:108150008080808080B8B8B8B8B880B8B8B8B8B8EF
:1081600080B8B8B8B8B880B8B8B8B8B880B8B8B837
:10817000B8B880B8B8B8B8B880B8B8B8B8B880B827
:10818000B8B8B8B880B8B8B8B8B8808080808080F7
:10819000808080808080808080808080B8B8B8B8FF
:1081A000B880B8B8B8B8B880B8B8B8B8B880B8B8F7
:1081B000B8B8B880B8B8B8B8B880B8B8B8B8B880E7
:1081C000B8B8B8B8B880B8B8B8B8B880808080807F
:1081D000808080808080808080808080808080809F
:1081E000808080B8B8B8B8B880B8B8B8B8B880B827
:1081F000B8B8B8B880B8B8B8B8B880B8B8B8B8B86F
:1082000080B8B8B8B8B880B8B8B8B8B8808080803E
:10821000808080808080808080808080808080805E
:1082200080808080808080808080B8B8B8B8B88036
:10823000B8B8B8B8B880B8B8B8B8B880B8B8B8B82E
:10824000B880B8B8B8B8B880B8B8B8B8B8808080C6
:10825000808080808080808080808080808080801E
:10826000808080808080808080808080808080800E
:1082700080B8B8B8B8B880B8B8B8B8B880B8B8B826
:10828000B8B880B8B8B8B8B880B8B8B8B8B880804E
:1082900080808080808080808080808080808080DE
:1082A00080808080808080808080808080808080CE
:1082B0008080808080808080B8B8B8B8B880B8B836
:1082C000B8B8B880B8B8B8B8B880B8B8B8B8B880D6
:1082D000808080808080808080808080808080809E
:1082E000808080808080808080808080808080808E
:1082F000808080808080808080808080808080B846
:10830000B8B8B8B880B8B8B8B8B880B8B8B8B8B85D
:10831000808080808080808080808080808080805D
:10832000808080808080808080808080808080804D
:10833000808080808080808080808080808080803D
:10834000808080808080B8B8B8B8B880B8B8B8B835
:10835000B8808080808080808080808080808080E5
:10836000808080808080808080808080808080800D
:1083700080808080808080808080808080808080FD
:1083800080808080808080808080808080B8B8B845
:10839000B8B880808080808080808080808080806D
:1083A00080808080808080808080808080808080CD
:1083B00080808080808080808080808080808080BD
:1083C00080808080808080808080808080808080AD
:1083D000808080808080808080808080808080809D
:1083E000808080808080808080808080808080808D
:1083F000808080808080808080808080808080807D
:10840000808080808080808080808080808080806C
:108410008080808080808080808080000110382073
:108420000002E4003C786E118CBA80196563780014
:10843000013D62000004F4120000056400000C819C
:108440002A2831C837A87E0000001600000000006E
:10845000F204305E0224800F020F140005005A312E
:10846000E80002DCE783C000400404C814286E085A
:10847000000700C0201F8000000001018A28CA28D0
:108480000100300700109CFCC0640A000590C8344D
:10849000383C597C0301100433C876402FD30A803E
:1084A00099A0022000060C000404010814350B00FA
:1084B0001000100290016A06480043000500000009
:1084C0000000000000000000000000000000000AA2
:1084D000E000000706000000000D0E000000C000D4
:1084E000000000000000000000000000000000008C
:1084F000000000000000000000000000000000007C
:10850000000000000000000000000000000000016A
:10851000DC0000000000000000000000000000007F
:1085200000000000000000000018000000203820BB
:1085300000060C367C03000001002769026A94697A
:1085400000C0946900A5946900A894000020382018
:1085500000062400000000000000000000000000F1
:108560000000000000000000000000000020382093
:1085700000063C120C0100000100A1B281A0DBB298
:1085800081A0DBB280E1DBB200E6DB00002838200E
:108590000006B43F3B7F233DCB7DB33C987C803BC2
:1085A000BD7BA53B4B7B33000000000000000000BA
:1085B00000000000002838200006D4395E79013719
:1085C000C1776536EC76913BA97B4B3E797E1800EE
:1085D000000000000000000000000000001C382027
:1085E000000794000001242BA339DC4872418A0063
:1085F0000013D50000000000001C38200007A80070
:1086000000012A16ED588317AC16C40000060900B5
:108610000000000000243820000864460029004AB9
:1086200000637C0000163000000000000000000025
:108630000000000000000000007438200004F40076
:1086400015E30600010080C010000B8004100C012F
:10865000550000000000000000000007FC000000C2
:108660000055150000000000003D650000000000FE
:1086700000FFFF000000000000F102F000024A10BD
:108680000006EF00000000000000000000000000F5
:1086900000000000000000000000004437433100EB
:1086A000000000000000000000000000000C382066
:1086B0000000C0240360D00000183840003E0400D1
:1086C0000000C0000000000000000000003A9D0013
:1086D00000183820000AE0000000020000000C0032
:1086E000003A9D3E103E0400011038200002E400D4
:1086F0003C786E118CBA801965637800013D620088
:108700000004F41200000564000030812A2831C8FA
:1087100037A87E000000160000000000F204305E62
:108720000224800F020F140005005A31E80002DC19
:10873000E783C000400404C814286E08000700C086
:10874000201F8000000001018A28CA28010030078C
:1087500000109CFCC0640A000590C834383C597C69
:108760000301100433C876402FD30A8099A0022059
:1087700000060C000404010814350B001000100260
:1087800090016A0648004300050000000000000058
:1087900000000000000000000000000AE0000007E8
:1087A00006000000000D0E000000C00000000000E8
:1087B00000000000000000000000000000000000B9
:1087C00000000000000000000000000000000000A9
:1087D000000000000000000000000001DC000000BC
:1087E0000000000000000000000000000000000089
:1087F00000000000001800000020382000060C36A1
:108800007C03000001002769026A946900C0946932
:1088100000A5946900A894000020382000062400D8
:108820000000000000000000000000000000000048
:1088300000000000000000000020382000063C126C
:108840000C0100000100A1B281A0DBB281A0DBB26B
:1088500080E1DBB200E6DB00002838200006B43FF0
:108860003B7F233DCB7DB33C987C803BBD7BA53BD0
:108870004B7B3300000000000000000000000000FF
:10888000002838200006D4395E790137C177653673
:10889000EC76913BA97B4B3E797E180000000000EE
:1088A0000000000000000000001C382000079400B9
:1088B0000001242BA339DC4872418A000013D50043
:1088C00000000000001C38200007A80000012A1644
:1088D000ED588317AC16C400000609000000000024
:1088E00000243820000864460029004A00637C0008
:1088F0000016300000000000000000000000000032
:1089000000000000007438200004F40015E30600A5
:10891000010080C010000C8004101C0155000000F4
:108920000000000000000007FC00000000551500DA
:1089300000000000003D65000000000000FFFF0097
:108940000000000000F102F000024A100006EF00F3
:108950000000000000000000000000000000000017
:108960000000000000000044374331000000000018
:108970000000000000000000000C38200000C024AF
:108980000360D00000183840003E04000000C00022
:108990000000000000000000003A9D000018382090
:1089A000000AE0000000020000000C00003A9D3EBA
:1089B000103E040000008080C0C0C0C0C0C08080E5
:1089C0000000007CFEFF8301010000000001018324
:1089D000FFFF7C00010103030706060606070303E9
:1089E00001000000C0C0C0C0C0C0C0C0C080000046
:1089F00000000000FFFFFF30303030191F1F07005C
:108A00000000000007070700000000000000000051
:108A100000000000C0C0C0C0C0C0C0C0C0C00000D6
:108A200000000000FFFFFF181818181818000000B9
:108A300000000000070707060606060606060600F1
:108A400000000000C0C0C0C0800000000000C0C026
:108A5000C0000000FFFFFF030F1E3CF8E0C0FFFF57
:108A6000FF000000070707000000000001030707E0
:108A7000070000008080C0C0C0C0C0C0C0C00000EF
:108A8000000000070F0F1C1838383870F1E1C000E3
:108A90000000000607060606060606070303010097
:108AA000000000C0C0C0C0C0C0C0C0C0C0C0C000C6
:108AB00000000000000000FFFFFF000000000000B9
:108AC0000000000000000007070700000000000091
:108AD0000000000000008080C0C0C0C0C0C0808016
:108AE0000000007CFEFF8301010000000001018303
:108AF000FFFF7C00010103030706060606070303C8
:108B000001000000C0C0C0C0C0C0C0C0C080000024
:108B100000000000FFFFFF30303030191F1F07003A
:108B20000000000007070700000000000000000030
:108B30000000000000008080C0C0C0C0C0C00000B5
:108B40000000007CFEFFC3010000000000000000E8
:108B500000000000010103030706060606060600E2
:108B600000000000C0C0C0000000000000000000C5
:108B700000000000FFFFFF000000000000000000F8
:108B800000000000070707060606060606060600A0
:108B90000000000000008080C0C0C0C0C0C0808055
:108BA0000000007CFEFF8301010000000001018342
:108BB000FFFF7C0001010303070606060607030307
:108BC000010000008080C0C0C0C0C0C0C0C00000A4
:108BD000000000070F0F1C1838383870F1E1C00092
:108BE0000000000607060606060606070303010046
:108BF00000000000C0C0C0C0C0C0C0C0C0C00000F5
:108C000000000000FFFFFF181818181818000000D7
:108C1000000000000707070606060606060606000F
:108C20000000000000000000000000000000000044
:108C30000000000000000000000000000000000034
:108C40000000000000000000000000000000000024
:108C500000000000000000000000BE000000000056
:108C6000000000000000002A2CF82C2A0000000060
:108C700000000000000000B07000000038448200D6
:108C8000008244380028107C102810107C1010003E
:108C90000C0A0000101010101000C0C0000040208E
:108CA0001008047CA2928A7C0084FE800084C2A208
:108CB000928C42828A9662302824FE204E8A8A8ACA
:108CC0007278949292600602E2120E6C9292926C0A
:108CD0000C9292523C006C6C000000AC6C000010D6
:108CE00028448200282828282800824428100000D0
:108CF0000000006492F2827CF8242224F8FE929212
:108D0000926C7C82828244FE82824438FE929292ED
:108D100082FE121212027C829292F4FE101010FE59
:108D20000082FE82004080827E02FE10284482FE85
:108D300080808080FE041804FEFE081020FE7C82E5
:108D400082827CFE1212120C7C82A242BCFE123283
:108D5000528C4C929292640202FE02027E808080CB
:108D60007E3E4080403E7E8070807EC6281028C6B1
:108D70000E10E0100EC2A2928A8600FE82820004CB
:108D800008102040008282FE00080402040880804F
:108D9000808080000000000040A8A8A8F0FE908815
:108DA0008870708888885070888890FE70A8A8A8FD
:108DB0003010FC12020410A8A8A878FE100808F0D1
:108DC0000090FA80004080887A00FE2050880000E1
:108DD00082FE8000F8083008F8F8100808F0708863
:108DE000888870F82828281010282828F8F81008F3
:108DF000081090A8A8A840087E888040788080400D
:108E0000F8384080403878806080788850205088DA
:108E100018A0A0A07888C8A89888FE7C381000F810
:108E2000242224F8FE9292926C7C82828244FE82FA
:108E3000824438FE92929282FE1212120228107C14
:108E40001028550000000000000000000000000095
:108E50000000000000000000000000000000000012
:108E60000000000000000000000000000000000002
:108E700000000000000000000000000000000000F2
:108E800000000000000000000000000000000000E2
:108E900000000000000000000000000000000000D2
:108EA00000000000000000000000000000000000C2
:108EB00000000000000000000000000000000000B2
:108EC00000000000000000000000000000000000A2
:108ED0000000000000000000000000000000000092
:108EE0000000000000000000000000000000000082
:108EF0000000000000000000000000000000000072
:108F00000000000000000000000000000000000061
:108F10000000000000000000000000000000000051
:108F20000000000000000000000000000000000041
:108F30000000000000000000000000000000000031
:108F40000000000000000000000000000000000021
:108F50000000000000000000000000000000000011
:108F6000000000000000000000000000000080047D
:108F700001000C01566572302E3333FFFF0A841B4B
:108F800095555555555556559555565595555555CF
:108F900095555555955555559555555519656378BC
:108FA0000005005A6400000C0000100C0100202095
:108FB00020E0E0E0E02020200000000000FFFFFFB4
:108FC000FF00000000001010101F1F1F1F101010C6
:108FD0000020E0E0E0202060E0C0C0800000FFFF53
:108FE000FF0000000003FFFF00101F1F1F101018DC
:108FF0001C0F0F0700000000000000000000000030
:1090000000000000000E0E0E0E0000000000000028
:10901000001C1C1C1C000000000080C0C0E0602080
:109020002060E0E000FCFFFF030000000000000102
:109030000001070F1F18101010180E070020E0E0A5
:10904000E020000020E0E0E00000FFFFFF10101033
:1090500010FFFFFF00101F1F1F100000101F1F1F19
:109060000020E0E0E02020202060E0E00000FFFFA2
:10907000FF1010107C7C000000101F1F1F1010102C
:1090800010181C1E000080C0C0E060202060E0E0DE
:1090900000FCFFFF03000000000000010001070FBB
:1090A0001F18101010180E070020E0E0E02020200C
:1090B000E0E060200000FFFFFF387EFFE38100005A
:1090C00000101F1F1F101001171F1E180020E0E0C6
:1090D000E02020202060E0E00000FFFFFF101010E3
:1090E0007C7C000000101F1F1F10101010181C1E89
:1090F0000020E0E0E020202060E0E0C00000FFFF72
:10910000FF1030F0F8DF0F0700101F1F1F101000B6
:10911000071F1F181000404040404040C0C0404C56
:109120007C785040C0C0C0406060E0C000000000DB
:1091300000000000073FFCF0C0C0F8FF3F07000040
:1091400000000000000040404060603010180C0F2C
:1091500007070F1C18383030706020200000000016
:1091600000C0F0FC3C0C0C0000FCFCFC040080C0C7
:10917000C0C08000004070381EFFFFFF030080C0A9
:10918000C0FFFFFF1C0E07030100000000000000ED
:10919000007F7F7F02030101001F3F3F202020202E
:1091A000203F3F380000202060E0E4BC3CF8E0F0C5
:1091B0007030F8F8F01018180C0C1C18000044441B
:1091C000C4C547FFFEFF45642666FFFFFF0404FC9D
:1091D000FC0606060020303C2F27237F7F3F436F8D
:1091E0007E3C1F070100007F7F00000000000000A0
:1091F00000E0F8F838100000FEFCFC00000080C021
:10920000C0C00000000030381F4743414141414188
:10921000FFFFFF41414161616041010000002020EA
:1092200020202020202020203F3F3F2020202020E1
:109230002030302000F8FC0686C6FCF83F7FC7C30C
:10924000C17F3F00181CFEFE000000C0C0FFFFC031
:10925000C01C1E0E0686FEFCF8FCCEC7C3C1C0387B
:109260003C868686FC783878C1C1C17F3E80E0F8B4
:109270001CFEFE001F1F1818FFFF18FEFEC6C6C604
:1092800086863171C0C0C07F3FF8FCCEC6C68686D8
:109290003F7FC0C0C07F3F1E1E060686FEFE000048
:1092A00000FEFF0100F8FC868686FCF83E7FC1C107
:1092B000C17F3EFCFE060606FEFC01C3C6C6E67F75
:1092C0003FF0FC0E060EFCF0FFFF030303FFFFFE62
:1092D000FE06068EFCF8FFFFC3C3C77F3CF8FC0602
:1092E00006061E1C3F7FC0C0C0F070FEFE06060EC4
:1092F000FCF8FFFFC0C0E07F3FFEFE868686860644
:10930000FFFFC1C1C1C1C0FEFE8686868606FFFF83
:109310000101010100000000000000000000E0E089
:10932000E00000000000000000000003030303034E
:109330000000000000000000000000000000000C21
:109340001870FEFE701CC3631BFFFF3B6300000030
:1093500000031B501100000000000000000000008E
:1093600000000000000000000000000000000000FD
:1093700000000000000000000000000000000000ED
<<<<<<< HEAD
:109380000000000000000000000000000000D87F86
:109390000252017B000000D74A016B8E4200100090
:1093A000005253000019975C70199A69B0000000D0
:0993B00000000000000064426DA1
:1093B9008D00C2508D00C1FAAE01F4CF0374721C46
:1093C90003B13F09CC94903F08AE0004BF00BE082A
:1093D9008D00D4801C02DFF65F97BF025FBF00A635
:1093E900088D00BAE48D00C2F33F08AE0004BF0047
:1093F900BE088D00D4801C02DEF65F97BF025FBFF6
:10940900008D00BAC98D00C2F33F08AE0004BF0049
:10941900BE088D00D4801C02E0F65F97BF025FBFD3
:1094290000A6108D00BAE48D00C3348D00C2CC8D26
:1094390000C30D8D00BAC98D00C2F33F08AE000408
:10944900BF00BE088D00D4801C02E1F65F97BF0201
:109459005FBF00A6188D00BAE48D00C3348D00C229
:10946900CC8D00C30D8D00BAC98D00C2F33F08AE83
:109479000004BF00BE088D00D4801C03038D00CFFB
:1094890053B609AB01B709B609A1072403CC93D098
:10949900721003B28D00B2FD8D00C2208D00C297FB
:1094A90087C650104EA40FA401A1002603CC9539FC
:1094B9008D00D7BC8D00D9FE8D00D2C48D00D7BCDC
:1094C9008D00D9FECE013F41B70041A6078D00D1DD
:1094D900828D0093B9C650104EA40FA401A1002695
:1094E900F48D00D7BC8D00D9FEA6828D00D9418D9F
:1094F90000D7BC8D00CFD9C603BF5F97BF065FBF3A
:1095090004AE035C8D00CEFD8D00BA48BE02CF03C8
=======
:109380000000000000000000000000000000D72DD9
:109390000252017B000000D5F8016B8E42001000E4
:1093A000005253000019975C70199A69B0000000D0
:0993B00000000000000064426DA1
:1093B9008D00C0CE8D00C078AE01F4CF0374721C4D
:1093C90003B13F09CC94903F08AE0004BF00BE082A
:1093D9008D00D32E1C02DFF65F97BF025FBF00A688
:1093E900088D00B7F38D00C1713F08AE0004BF00BE
:1093F900BE088D00D32E1C02DEF65F97BF025FBF49
:10940900008D00B7D88D00C1713F08AE0004BF00C0
:10941900BE088D00D32E1C02E0F65F97BF025FBF26
:1094290000A6108D00B7F38D00C1B28D00C14A8D21
:1094390000C18B8D00B7D88D00C1713F08AE000403
:10944900BF00BE088D00D32E1C02E1F65F97BF0254
:109459005FBF00A6188D00B7F38D00C1B28D00C1A2
:109469004A8D00C18B8D00B7D88D00C1713F08AE00
:109479000004BF00BE088D00D32E1C03038D00CE4F
:1094890079B609AB01B709B609A1072403CC93D072
:10949900721003B28D00B00C8D00C09E8D00C115F5
:1094A90087C650104EA40FA401A1002603CC9539FC
:1094B9008D00D66A8D00D8AC8D00D1728D00D66A28
:1094C9008D00D8ACCE013F41B70041A6078D00D031
:1094D900308D0093B9C650104EA40FA401A10026E7
:1094E900F48D00D66A8D00D8ACA6828D00D7EF8D99
:1094F90000D66A8D00CE87C603BF5F97BF065FBFE0
:1095090004AE035C8D00CE238D00B757BE02CF0396
>>>>>>> SCX1702_LCD_for_RSSI
:1095190092350003BFAE0000CF035CAE0000CF035D
:109529005EAE001CCF0376350003A2350103C38765
:10953900C650104EA40FA401A1002703CC95D4C690
:10954900500B4EA40F44A401A100277FC603BF4DB1
:109559002627A601C10141261390CE013FAE00077F
<<<<<<< HEAD
:10956900BF00938D00D480CF0376200DA602C101E0
:10957900412606AE0032CF0376C6014B4D264CAECE
:1095890003BFF6A1052444350A014BA606AE0538EA
:10959900BF02AE2000BF008D00CB99AE034C8D00F9
:1095A900CEFDA60B8D00BAF5BE0202A4FF02A4E00F
:1095B900028D00BB06AE035C8D00B93BAE035C8D2A
:1095C90000CF45A601CB03BFC703BF878D00C24BA0
:1095D9008D00C2508D00C334B709BF0A905FBE0C1D
=======
:10956900BF00938D00D32ECF0376200DA602C10133
:10957900412606AE0032CF0376C6014B4D264CAECE
:1095890003BFF6A1052444350A014BA606AE0538EA
:10959900BF02AE2000BF008D00CABFAE034C8D00D4
:1095A900CE23A60B8D00B804BE0202A4FF02A4E0DC
:1095B900028D00B815AE035C8D00B64AAE035C8D12
:1095C90000CE6BA601CB03BFC703BF878D00C0C9FF
:1095D9008D00C0CE8D00C1B2B709BF0A905FBE0C25
>>>>>>> SCX1702_LCD_for_RSSI
:1095E90002A40002A4FF02BF00BE0E72BB0000BFAE
:1095F900005FB609974F02BF02BE0072BB0002901E
:10960900933F0820305F5CBF00A6045F01B60802E3
:10961900629F5F9772BB000AB601FAB700A6045FA2
:1096290001B60802629F5F9772BB000AB600F7B6DF
:1096390008AB01B708B608A1182450A6045F01B603
:109649000802629F5F9772BB000AF64848B700A6F6
:10965900045F01B60802629F5F9772BB000AB600F9
<<<<<<< HEAD
:10966900F7B6088D00C2E68D00BAF55FBF045CBF8E
:10967900068D00BAAEBE00A300002605BE02A300F7
=======
:10966900F7B6088D00C1648D00B8045FBF045CBF04
:10967900068D00B7BDBE00A300002605BE02A300EB
>>>>>>> SCX1702_LCD_for_RSSI
:10968900002782AE0002BF00CC96123518000820D0
:10969900305F5CBF00A6045F01B60802629F5F9756
:1096A90072BB000AB601FAB700A6045F01B6080248
:1096B900629F5F9772BB000AB600F7B608AB01B7A5
:1096C90008B608A120243EA6045F01B60802629FDD
:1096D9005F9772BB000AF64848B700A6045F01B657
:1096E9000802629F5F9772BB000AB600F7B608AB23
<<<<<<< HEAD
:1096F900E85F5C8D00D4B79FB409A1002793AE0041
=======
:1096F900E85F5C8D00D3659FB409A1002793AE0094
>>>>>>> SCX1702_LCD_for_RSSI
:1097090002BF0020903520000820305F5CBF00A612
:10971900045F01B60802629F5F9772BB000AB60137
:10972900FAB700A6045F01B60802629F5F9772BB91
:10973900000AB600F7B608AB01B708B608A130248D
:1097490040A6045F01B60802629F5F9772BB000AD8
:10975900F64848B700A6045F01B60802629F5F9702
<<<<<<< HEAD
:1097690072BB000AB600F7B608ABE0938D00D4BF10
:1097790002A40002A401025D2791AE0002BF0020ED
:109789008E8D00DA82AC00C2AE8D00C2508D00C150
:10979900FF3B0008898D00C3343F0B3F0ABE0C0212
=======
:1097690072BB000AB600F7B608ABE0938D00D36D63
:1097790002A40002A401025D2791AE0002BF0020ED
:109789008E8D00D930AC00C12C8D00C0CE8D00C0AB
:109799007D3B0008898D00C1B23F0B3F0ABE0C0218
>>>>>>> SCX1702_LCD_for_RSSI
:1097A900A40002A4FF0290BE0EBF009372BB00008A
:1097B90090937B0D5F974F02BF009372BB0000BF70
:1097C9000A3F08201D5FB6089758BF00961C000D78
:1097D90072BB00005CFE72BB000ABF0AB608AB018F
:1097E900B708B608A10425DD3F08202E5F5C9093D9
:1097F900A6045F01B60802629F5F9772FB01909F02
:10980900FAB700A6045F01B60802629F5F9772FB70
:1098190001B600F7B608AB01B708B608A118244D80
:10982900A6045F01B60802629F5F9772FB01F648C2
:1098390048B700A6045F01B60802629F5F9772FBF2
<<<<<<< HEAD
:1098490001B600F7B6088D00C2E68D00BAF55FBF14
:10985900045CBF068D00BAAEBE00A300002605BE9B
=======
:1098490001B600F7B6088D00C1648D00B8045FBF8A
:10985900045CBF068D00B7BDBE00A300002605BE8F
>>>>>>> SCX1702_LCD_for_RSSI
:1098690002A300002786AE000290932083351800DA
:1098790008202E5F5C9093A6045F01B60802629FE0
:109889005F9772FB01909FFAB700A6045F01B608C3
:1098990002629F5F9772FB01B600F7B608AB01B78A
:1098A90008B608A120243CA6045F01B60802629FFD
:1098B9005F9772FB01F64848B700A6045F01B60836
:1098C90002629F5F9772FB01B600F7B608ABE85FCB
<<<<<<< HEAD
:1098D9005C8D00D4B79F140DA1002797AE000290AC
:1098E9009320948D00DA8235200008202E5F5C9049
=======
:1098D9005C8D00D3659F140DA1002797AE000290FF
:1098E9009320948D00D93035200008202E5F5C909C
>>>>>>> SCX1702_LCD_for_RSSI
:1098F90093A6045F01B60802629F5F9772FB01900D
:109909009FFAB700A6045F01B60802629F5F9772CB
:10991900FB01B600F7B608AB01B708B608A13024B9
:109929003FA6045F01B60802629F5F9772FB01F6CA
:109939004848B700A6045F01B60802629F5F9772A4
<<<<<<< HEAD
:10994900FB01B600F7B608ABE01E0E8D00D4BF02CE
=======
:10994900FB01B600F7B608ABE01E0E8D00D36D0221
>>>>>>> SCX1702_LCD_for_RSSI
:10995900A40002A401025D2794AE00029093209115
:1099690035300008202E5F5C9093A6045F01B6088D
:1099790002629F5F9772FB01909FFAB700A6045F8E
:1099890001B60802629F5F9772FB01B600F7B6083D
:10999900AB01B708B608A140243FA6045F01B60889
:1099A90002629F5F9772FB01F64848B700A6045F01
:1099B90001B60802629F5F9772FB01B600F7B6080D
<<<<<<< HEAD
:1099C900ABD01E108D00D4BF02A40002A401025D19
:1099D9002794AE0002909320918D00DA82354000E1
=======
:1099C900ABD01E108D00D36D02A40002A401025D6C
:1099D9002794AE0002909320918D00D93035400034
>>>>>>> SCX1702_LCD_for_RSSI
:1099E90008202E5F5C9093A6045F01B60802629F6F
:1099F9005F9772FB01909FFAB700A6045F01B60852
:109A090002629F5F9772FB01B600F7B608AB01B718
:109A190008B608A150243FA6045F01B60802629F58
:109A29005F9772FB01F64848B700A6045F01B608C4
:109A390002629F5F9772FB01B600F7B608ABC01EC2
<<<<<<< HEAD
:109A4900128D00D4BF02A40002A401025D2794AEC6
=======
:109A4900128D00D36D02A40002A401025D2794AE19
>>>>>>> SCX1702_LCD_for_RSSI
:109A590000029093209135500008202E5F5C90936E
:109A6900A6045F01B60802629F5F9772FB01909F8F
:109A7900FAB700A6045F01B60802629F5F9772FBFE
:109A890001B600F7B608AB01B708B608A160243FD4
:109A9900A6045F01B60802629F5F9772FB01F64850
:109AA90048B700A6045F01B60802629F5F9772FB80
<<<<<<< HEAD
:109AB90001B600F7B608ABB01E148D00D4BF02A4DE
:109AC9000002A401025D2794AE0002909320918DBB
:109AD90000DA8235600008202E5F5C9093A6045F4F
=======
:109AB90001B600F7B608ABB01E148D00D36D02A431
:109AC9000002A401025D2794AE0002909320918DBB
:109AD90000D93035600008202E5F5C9093A6045FA2
>>>>>>> SCX1702_LCD_for_RSSI
:109AE90001B60802629F5F9772FB01909FFAB70067
:109AF900A6045F01B60802629F5F9772FB01B60078
:109B0900F7B608AB01B708B608A170243FA6045FF1
:109B190001B60802629F5F9772FB01F64848B700D9
:109B2900A6045F01B60802629F5F9772FB01B60047
<<<<<<< HEAD
:109B3900F7B608ABA0BE0A8D00D4BF02A40002A4E8
:109B490001025D2794AE0002909320915B023200DE
:109B5900088D00C2278D00C297878D00C24B8D00EA
:109B6900C2503520000E3538000FC650014444A4B8
=======
:109B3900F7B608ABA0BE0A8D00D36D02A40002A43B
:109B490001025D2794AE0002909320915B023200DE
:109B5900088D00C0A58D00C115878D00C0C98D0075
:109B6900C0CE352000093538000AC650014444A446
>>>>>>> SCX1702_LCD_for_RSSI
:109B790001A1002610C603AE4D260A350103AE72B7
:109B89001203B5200FC650014444A401A1002704C3
:109B9900350003AEC6500B444444A401A10026106D
:109BA900C603AF4D260A350103AF721203B5201063
:109BB900C6500B444444A401A1002704350003AF57
:109BC900C6500B4444A401A1002610C603B04D267B
:109BD9000A350103B0721203B5200FC6500B444475
:109BE900A401A1002704350003B0AE03BEF6C101EC
:109BF900492603CC9D1F5503BE0149350103AAA679
<<<<<<< HEAD
:109C0900018D00D3A5C601494D2628AE91153518F9
:109C19000002351800013F00A6288D00CC38AE910E
:109C29005D35180002351800013F00A6418D00CCB2
:109C3900382026AE91A535180002351800013F00DD
:109C4900A6288D00CC38AE91ED35180002351800E4
:109C5900013F00A6418D00CC38AE8FAD351800020A
:109C6900350C000135200000A6048D00CC38AE8FDC
:109C7900D135180002350C000135200000A6108DE1
:109C890000CC38AE901935180002350C000135208A
:109C99000000A6288D00CC38AE903D35180002355D
:109CA9000C000135200000A6348D00CC38AE90613F
:109CB90035180002350C000135200000A6408D0042
:109CC900CC38AE908535180002350C0001352000DE
:109CD90000A64C8D00CC38AE90A935180002350C81
:109CE900000135200000A6588D00CC38AE90CD3546
:109CF900180002350C000135200000A6648D00CC47
:109D090038AE90F135180002350C000135200000FD
:109D1900A6708D00CC38A601C103C32703CC9DDAF8
:109D2900350003C3AE00C8CF036AA601C103AA2642
:109D39000A350003AAA6018D00D3A5A6018D00D37B
:109D4900EECE039290AE00808D00D49E41B70941BA
:109D59003009B609A17F2504357F00093F08AE0007
:109D69000ABF00BE088D00D4808D00BEAC5FB60965
:109D790097CF0368CE0368A300782508AE0078CF93
:109D89000368200ECE0368A3003D2406AE003CCF35
:109D9900036890CE036872A9FFC4AE000CBF00939C
:109DA9008D00D48090AE003C659FA10C2502A60CC5
:109DB900905F9097AE0047BF00938D00D4801C80C0
:109DC9008035080002354700013F00A60C8D00CC04
:109DD90038A601C103AD2703CCA2D6350003ADAE29
:109DE90003508D00CF2F3F0C205E8D00C2D98D000E
:109DF900B9D10000000A45070D8D00C2D98D00B9FF
:109E0900D70000000A8D00C31A905FB60D9097AE77
:109E1900000EBF00938D00D4801C923535100002CE
:109E2900350700013510000045000389450C003055
:109E390000A60997B600429FAB40854503008D00F7
:109E4900CC38B60CAB01B70CB60CA108259CAE01F9
:109E59006A8D00CEFD8D00B9D7000003E88D00C3DF
:109E69001A3F0C2043B60D8D00D98D905F9097AEA7
:109E79000005BF00938D00D4801C8BB33508000208
:109E8900350500013518000045000389450C0030EF
:109E990000A60697B600429FAB74854503008D0066
:109EA900CC38B60CAB01B70CB60CA10624648D00F6
:109EB900C2D98D00B9D10000000A45070D8D00C235
:109EC900D98D00B9D70000000A8D00C31AB60CA1BC
:109ED900032492B60D8D00D98D905F9097AE000541
:109EE900BF00938D00D4801C8BB335080002350563
:109EF90000013518000045000389450C003000A613
:109F09000697B600429FAB7A854503008D00CC3891
:109F19002090AE8C993508000235050001351800EE
:109F290000A6688D00CC38A6018D00D437A601C1E2
:109F390001412667C603AB351000005F97B6006282
:109F49009F8D00D98D905F9097AE0005BF00938DCE
:109F590000D4801C8BB33508000235050001450F7C
:109F6900004F8D00CC38C603AB351000005F97B6A3
:109F790000628D00D98D905F9097AE0005BF009368
:109F89008D00D4801C8BB3350800023505000145CE
:109F99000F00A6068D00CC38CCA0D5A602C1014180
:109FA9002703CCA0D5350003B9C6031F351000001F
:109FB9005F97B600629F8D00D98D905F9097AE0034
:109FC90005BF00938D00D4801C8BB3350800023582
:109FD900050001450F004F8D00CC38C6031F351011
:109FE90000005F97B600628D00D98D905F9097AEA3
:109FF9000005BF00938D00D4801C8BB33508000287
:10A0090035050001450F00A6068D00CC383F0CCC64
:10A01900A0CB5FB60C97D60320351000005F97B62A
:10A0290000629F8D00D98D905F9097AE0005BF00AB
:10A03900938D00D4801C8BB33508000235050001CF
:10A04900450F0089A60C97B60C429F88A60297B6C1
:10A059000C4241B7044184BB04AB12858D00CC3856
:10A069005FB60C97D60320351000005F97B60062E3
:10A079008D00D98D905F9097AE0005BF00938D003C
:10A08900D4801C8BB33508000235050001450F004B
:10A0990045000389A60297B60C429F350600009732
:10A0A900B600429F88A60297B60C4241B704418484
:10A0B900BB04AB18854503008D00CC38B60CAB0149
:10A0C900B70CB60CC103AC2403CCA01BAE03B9F684
:10A0D900A1022711A1042603CCA169A1082603CC5A
:10A0E900A1E4CCA25FAE8C23351800023502000131
:10A0F900450E004F8D00CC38AE8B33351800023534
:10A10900100001450E00A6028D00CC38AE8B6335D8
:10A1190018000235100001450E00A6128D00CC383A
:10A12900AE8B933518000235100001450E00A620AC
:10A139008D00CC38AE8BC3351800023510000145AF
:10A149000E00A6328D00CC38AE8BF33518000235DF
:10A15900100001450E00A6428D00CC38AC00C2AEFD
:10A16900AE8C233518000235020001450E004F8DD3
:10A1790000CC38AE8A733518000235100001450E3F
:10A1890000A6028D00CC38AE8AA33518000235101E
:10A199000001450E00A6128D00CC38AE8AD33518C1
:10A1A900000235100001450E00A6208D00CC38AE06
:10A1B9008B033518000235100001450E00A6328DBB
:10A1C90000CC38AE8C233518000235100001450E3D
:10A1D90000A6428D00CC38AC00C2AEAE8C23351837
:10A1E900000235020001450E004F8D00CC38AE89C2
:10A1F900B33518000235100001450E00A6028D0086
:10A20900CC38AE89E33518000235100001450E003F
:10A21900A6128D00CC38AE8A13351800023510000D
:10A2290001450E00A6228D00CC38AE8A43351800B0
:10A239000235100001450E00A6328D00CC38AE8CD7
:10A24900233518000235100001450E00A6428D0085
:10A25900CC38AC00C2AEAE8C2335180002350200F2
:10A2690001450E004F8D00CC38AE8C233518000205
:10A2790035100001450E00A6028D00CC38AE8C23A6
:10A289003518000235100001450E00A6128D00CCCC
:10A2990038AE8C233518000235100001450E00A692
:10A2A900228D00CC38AE8C23351800023510000100
:10A2B900450E00A6328D00CC38AE8C23351800022D
:10A2C90035100001450E00A6428D00CC38AC00C205
:10A2D900AEC603B8CE03725D2603CCA67B721250BC
:10A2E900054A2603CCA4134A2603CCA4834A260391
:10A2F900CCA6444A2603CCA4BAA0022603CCA57F47
:10A30900A0022603CCA4F14A2603CCA60D4A2603B3
:10A31900CCA5D6A0022603CCA528A0082707A02CE7
:10A32900274DCCA7907212500535FA03B7C603B36F
:10A339008D00DA76A401C7039CC603B34EA40F446B
:10A34900A401C7039ECE0372A30DDE2503CCA790FB
:10A35900C603B34EA40F44A401C7039EC603B34E5C
:10A36900A40F44A401C7039E8D00CA47CCA790C679
:10A3790003B144A401A1002703CCA790CE038C5DAF
:10A389002703CCA79072125005350003B7C603B353
:10A399008D00DA76A401C7039CC603B38D00DA7673
:10A3A900A401C7039ECE0372A307D1251BC603B31D
:10A3B9004EA40F44A401C7039EC603B38D00DA76E9
:10A3C900A401C7039ECCA790CE0372A303E9251B62
:10A3D900C603B38D00DA76A401C7039EC603B38D05
:10A3E90000DA76A401C7039ECCA790721803B1C600
:10A3F90003B38D00DA76A401C7039EC603B34EA446
:10A409000F44A401C7039ECCA79072125005C6033E
:10A419009D4D2633C603B38D00DA76A401C7039E8A
:10A42900C603B38D00DA76A401C7039CC603B34EF5
:10A43900A40F44A401C7039EC603B34EA40F44A4AA
:10A4490001C7039ECCA790C603B38D00DA76A40199
:10A45900C7039EC603B38D00DA76A401C7039EC65F
:10A4690003B38D00DA76A401C7039EC603B34EA4D5
:10A479000F44A401C7039CCCA79072125005C603D0
:10A48900B38D00DA76A401C7039EC603B38D00DA43
:10A4990076A401C7039EC603B38D00DA76A401C76B
:10A4A900039CC603B34EA40F44A401C7039ECCA7C3
:10A4B9009072125005C603B38D00DA76A401C70362
:10A4C9009EC603B38D00DA76A401C7039EC603B303
:10A4D9008D00DA76A401C7039CC603B34EA40F44CA
:10A4E900A401C7039ECCA79072125005C603B38D71
:10A4F90000DA76A401C7039EC603B38D00DA76A4F9
:10A5090001C7039EC603B38D00DA76A401C7039C75
:10A51900C603B34EA40F44A401C7039ECCA79072EF
:10A5290012500535FA03B7C603B38D00DA76A401D4
:10A53900C7039EC603B38D00DA76A401C7039CC680
:10A5490003B34EA40F44A401C7039EC603B14444F8
:10A55900A401A1002608721403B1351903BDC6036D
:10A56900BD4D2703CCA790C603B34EA40F44A40145
:10A57900C7039ECCA7907212500535FA03B7C603DC
:10A58900B38D00DA76A401C7039EC603B38D00DA42
:10A5990076A401C7039CC603B34EA40F44A401C704
:10A5A900039EC603B14444A401A100260872140302
:10A5B900B1351903BDC603BD4D2703CCA790C6030A
:10A5C900B34EA40F44A401C7039ECCA790721250A6
:10A5D90005C603B38D00DA76A401C7039EC603B38B
:10A5E9008D00DA76A401C7039CC603B34EA40F44B9
:10A5F900A401C7039EC603B34EA40F44A401C70315
:10A609009ECCA79072125005C603B38D00DA76A4CA
:10A6190001C7039EC603B38D00DA76A401C7039E62
:10A62900C603B34EA40F44A401C7039EC603B34E89
:10A63900A40F44A401C7039CCCA79072125005C66D
:10A6490003B38D00DA76A401C7039EC603B38D0058
:10A65900DA76A401C7039EC603B34EA40F44A4012E
:10A66900C7039EC603B34EA40F44A401C7039CCCE1
:10A67900A790C603B144A401A1002714CE03785DB5
:10A68900260E721303B1AE010ECF037A7212500572
:10A69900CE037A5D275ECE037AA300B5251AC603D9
:10A6A900B34EA40F44A401C7039EC603B38D00DAB9
:10A6B90076A401C7039E204CCE037AA3005B251A1A
:10A6C900C603B38D00DA76A401C7039EC603B38D12
:10A6D90000DA76A401C7039E202AC603B38D00DAE7
:10A6E90076A401C7039EC603B34EA40F44A401C7B1
:10A6F900039E2010721B03B1C603B38D00DA76A442
:10A7090001C7039E721F03B1721103B3C603B24E90
:10A71900A40FA401A1002623C603B28D00DA76A4F2
:10A7290001A1002616CE037A5D2610CE03885D2787
:10A739000672125005200472135005C603B38D002A
:10A74900DA76A401C7039EC603B38D00DA76A401A5
:10A75900C7039CC603B14EA40FA401A100270C7224
:10A769001F03B1721203B1721903B1C603B74D26A3
:10A7790016CE037A5D2610C603B38D00DA76A401DE
:10A78900C7039E721503B1CE03745D2604721D03BF
:10A79900B187C603B544A401A1002603CCA975C697
:10A7A90003A24D2703CCA975A601C103C82715A685
:10A7B90001C103B0270EA601C103AF2707A601C136
:10A7C90003AE2621C603B54EA40FA401A100261588
:10A7D900AE016A8D00CEFDBE00A319652605BE0235
:10A7E900A363782755A602C103C82718A601C10388
:10A7F900B02711A601C103AF270AA601C103AE27DD
:10A8090003CCA975C603B54EA40FA401A100260364
:10A81900CCA97590AE93A5AE016A8D00CEFD938D3E
:10A8290000BA93271590AE93A9AE016A8D00CEFDAB
:10A83900938D00BA932703CCA975721303B5C60388
:10A84900B54EA40FA401A1002603CCA8F4A601C10A
:10A8590003B0262D350203B0350203C8AE00CDCFB3
:10A869000360AE9CE9CF0362A6E0C40343AA01C713
:10A879000343A61FC40343C7034335080344CCA9B4
:10A8890061A601C103AF262D350203AF350203C806
:10A89900AE00CDCF0360AE9CE9CF0362A6E0C4034E
:10A8A90043AA01C70343A61FC40343C7034335048F
:10A8B9000344CCA961A601C103AE2703CCA9613524
:10A8C9000203AE350203C8AE00CDCF0360AE9CE9EA
:10A8D900CF0362A6E0C40343AA01C70343A61FC46A
:10A8E9000343C7034335020344206DC603B54EA491
:10A8F9000FA401A1002661A601C103B0261A3502E1
:10A9090003B0350103C8AE00CDCF0360AE9CE9CFDB
:10A919000362350803C02040A601C103AF261A35DA
:10A929000203AF350103C8AE00CDCF0360AE9CE989
:10A93900CF0362350403C0201FA601C103AE261848
:10A94900350203AE350103C8AE00CDCF0360AE9C1E
:10A95900E9CF0362350203C0721003B5721503B261
:10A96900350003A4350103A5350003A6720003B51C
:10A9790004AC00AAE4A601C103A52604350203A577
:10A98900A602C103A52703CCAAE4A601C103C827CF
:10A9990003CCAA47C603A44D262672145005AE015E
:10A9A9004EC603C089AE03608D00CEFD858D00952E
:10A9B900D58D00C460350A03C1350103A4CCAAE4CE
:10A9C900A601C103A4262BC650104EA40FA401A1B1
:10A9D90000261FC603C14D26198D00C460350A0320
:10A9E900C1A6328D00DA128D00DA82350203A4CCB9
:10A9F900AAE4A602C103A42703CCAAE4C650104EB8
:10AA0900A40FA401A1002703CCAAE4C603C14D27C2
:10AA190003CCAAE48D00C460350A03C1A6328D00B7
:10AA2900DA128D00DA82350303A4721403B57211A8
:10AA390003B55F5CCF039672155005CCAAE4A60254
:10AA4900C103C82703CCAAE4C603A44D262F721458
:10AA59005005AE0343BF00A6098D00D7A4AE014E31
:10AA690089AE03608D00CEFD858D0097925B098DBF
:10AA790000C460350203C1350103A4205EAE03A4FE
:10AA8900F6A1042424C650104EA40FA401A1002647
:10AA990018C603C14D26128D00C460350203C1A634
:10AAA90001CB03A4C703A42032A604C103A4262B07
:10AAB900C650104EA40FA401A100261FC603C14D04
:10AAC9002619A601CB03A4C703A4721403B57211F6
:10AAD90003B55F5CCF039672155005C603B54444B0
:10AAE900A401A1002716CE03965D2610721503B5A1
:10AAF9005FCF0376721403B28D00D1D7878D00C161
:10AB0900FA52163F093F08A603C103CA2603CCAE71
:10AB190017A601C103BB2703CCAE17350003BBA69B
:10AB290001C101412703CCAC1DAE03649093AE0370
:10AB3900548D00CEFD938D00BA932634AE03CCF626
:10AB4900C103B8262BAE03649093AE03548D00CE97
:10AB5900FD938D00BA932703CCAE17AE03CCF6C193
:10AB690003B82703CCAE17CE03945D2703CCAE17E9
:10AB7900AE03548D00CEFDAE03508D00CF45550375
:10AB8900B803AB350103ADA6AB6B054F6B06A681C8
:10AB99006B07A6066B08AE03548D00CEFDAE00010F
:10ABA9008D00CF3B7B046B097B095F9772BB000863
:10ABB900BF087B036B0A7B0A5F9772BB0008BF085B
:10ABC9007B026B0B7B0B5F9772BB0008BF08C60348
:10ABD900B86B0C7B0C5F9772BB0008BF0890AE0185
:10ABE90000BE0865909F6B0DB6086B0E90AE000A0B
:10ABF900961C00058D00DAB1AE03548D00CEFDAE72
:10AC090003648D00CF455503B803CCAE02D0CF0302
:10AC190094CCAE17A602C101412703CCAE17AE03EF
:10AC2900649093AE03548D00CEFD938D00BA9327A3
:10AC390003CCACBDAE033AF6C103282677CE03296F
:10AC4900C3033B266FCE032BC3033D2667CE032DDB
:10AC5900C3033F265FCE032FC303412657AE0364C8
:10AC69009093AE03548D00CEFD938D00BA932703C4
:10AC7900CCAE17AE033AF6C103282703CCAE17CEE4
:10AC89000329C3033B2703CCAE17CE032BC3033DD4
:10AC99002703CCAE17CE032DC3033F2703CCAE1732
:10ACA900CE032FC303412703CCAE17CE03945D27F0
:10ACB90003CCAE17AE03548D00CEFDAE03508D000C
:10ACC900CF45350103ADA6AB6B054F6B06A6816B6E
:10ACD90007A61FC40328A101260635030004200482
:10ACE90035080004B604C703ACB604AB066B08AE5E
:10ACF90003548D00CEFDAE00018D00CF3B7B046B6C
:10AD0900097B095F9772BB0008BF087B036B0A7B4D
:10AD19000A5F9772BB0008BF087B026B0B7B0B5F56
:10AD29009772BB0008BF08C603286B0C7B0C5F97A2
:10AD390072BB0008BF087B0CC7031F3F012069B61F
:10AD490001A4015F971C03299093A6025F01B60134
:10AD590002629F5F9758BF029372BB0002F6B70069
:10AD69003F02450103961C000572BB00021C000846
:10AD7900B600F73F00961C000572BB00001C0008D6
:10AD8900F65F9772BB0008BF083F00961C0005726A
:10AD9900BB00001C0008F6B7005FB60197B600D7E4
:10ADA9000320B601AB01B701B601B10425913F00FB
:10ADB900961C000572BB00001C0008BF0290AE0182
:10ADC90000BE0865909F92C7023F00961C0005725D
:10ADD900BB00001C0009B608F7905FB60490977293
:10ADE900A9000A961C00058D00DAB1AE03548D0046
:10ADF900CEFDAE03648D00CF4590AE0328AE033A75
:10AE090089A6098D00D79785AE012CCF03945B16CF
:10AE1900AC00C2C0C603B5444444A401A100273F05
:10AE2900AE1965CF016AAE6378CF016CAE0005CF6C
:10AE3900016EAE005ACF0170AE6400CF0172AE0050
:10AE49000CCF0174AE0000CF0176AE100CCF0178A3
:10AE5900350101413501017AAE841BCF014C87AE22
:10AE6900017AF64A27294A27654A2603CCAF164AAA
:10AE79002603CCAF55A0072603CCAF944A2603CCB2
:10AE8900AFD34A2603CCB0144A2603CCB05587AEBB
:10AE99001965CF016AAE6378CF016CAE0005CF01A9
:10AEA9006EAE005ACF0170AE6400CF0172AE000CD5
:10AEB900CF0174AE0000CF0176AE100CCF0178350A
:10AEC9000101413502017AAE841BCF014C87AE19CD
:10AED90094CF016AAEB0D8CF016CAE0005CF016E38
:10AEE900AE005BCF0170AE6400CF0172AE000CCF33
:10AEF9000174AE0000CF0176AE100CCF0178350198
:10AF090001413503017AAE841BCF014C87AE1995F7
:10AF1900CF016AAE1280CF016CAE0005CF016EAED3
:10AF2900005BCF0170AE6400CF0172AE000CCF019F
:10AF390074AE0000CF0176AE100CCF017835010157
:10AF4900413504017AAE841BCF014C87AE1965CF18
:10AF5900016AAE6378CF016CAE0005CF016EAE0019
:10AF69005ACF0170AE6400CF0172AE000CCF0174EC
:10AF7900AE0000CF0176AE100CCF0178350101414A
:10AF89003501017AAE841BCF014C87AE1965CF011B
:10AF99006AAE6378CF016CAE0005CF016EAE005A80
:10AFA900CF0170AE6400CF0172AE000CCF0174AE58
:10AFB9000000CF0176AE100CCF0178350101413583
:10AFC9000C017AAE841BCF014C87AE93A58D00CEC0
:10AFD900FDAE016A8D00CF45AE0005CF016EAE0012
:10AFE9005BCF0170AE6400CF0172AE0030CF017447
:10AFF900AE0000CF0176AE100ECF017835020141C7
:10B00900350D017AAE86E7CF014C87AE93A98D0045
:10B01900CEFDAE016A8D00CF45AE0005CF016EAE03
:10B02900005BCF0170AE6400CF0172AE0030CF017A
:10B0390074AE0000CF0176AE100ECF017835020153
:10B0490041350E017AAE86E7CF014C87AE1965CF3F
:10B05900016AAE6378CF016CAE0005CF016EAE0018
:10B069005ACF0170AE6400CF0172AE000CCF0174EB
:10B07900AE0000CF0176AE100CCF01783501014149
:10B08900350B017AAE841BCF014C8752043F053F33
:10B09900043F03AE03C8F64A27204A271DA00E26FF
:10B0A90003CCB20D4A2603CCB2ABA04F2603CCB2D7
:10B0B900CF4A2603CCB2E6CCB2EA3F0320155FB6ED
:10B0C9000397D601FF5F9772BB0004BF04B603ABB9
:10B0D90001B703C601FE5F971CFFFE905FB60390A0
:10B0E90097BF0090B3002FD65FB60397D6020090A2
:10B0F9005F9097AE0100BF00938D00D480BF005FC1
:10B10900B60397D601FF5F9772BB0000BF00BE046C
:10B11900B3002703CCB2064F6B01C602016B02C60E
:10B1290002006B03C601FF6B048D00CEE301AE0381
:10B13900608D00CF45A601C103C826085502020348
:10B14900C0CCB1D3A602C103C8267F55020203436E
:10B159003F03202CB603A4015F971C03449093A6D8
:10B16900025F01B60302629F5F9758BF0072B90080
:10B17900005FB60397D6020390F7B603AB01B70396
:10B18900C601FE5F971CFFFA905FB6039097BF0058
:10B1990090B3002FBFA6FACB01FEB7032026B60352
:10B1A900A4015F971C03449093A6025F01B60302B2
:10B1B900629F5F9758BF009372BB00004FF7B603B9
:10B1C900AB01B703B603A10825D4721203B535AB99
:10B1D90002A95503C702AA358002AB350502AC5551
:10B1E90001FF02AD55020002AE55020102AF350062
:10B1F90002B0350002B1350903CBCCB2EA35000300
:10B20900CACCB2EAAE01FFF6A121240AC601FF5F4A
:10B2190097CF037C20045FCF037C3F03205E4F6BF5
:10B22900013F02AE0003BF00BE028D00D4801C02A4
:10B2390002F66B023F02AE0003BF00BE028D00D4CE
:10B24900801C0201F66B033F02AE0003BF00BE0281
:10B259008D00D4801C0200F66B043F02AE0004BFCF
:10B2690000BE028D00D4801C017B90938D00CF0914
:10B2790001938D00CF53B603AB01B703B603C101E8
:10B28900FF259B35AB02A95503C702AA359002AB2E
:10B29900350202AC350002AD350002AE350603CBEE
:10B2A900203FA601C101FE2617C601FF4D260672E1
:10B2B9001703B5200BA601C101FF2604721603B5B9
:10B2C900350003CA201B35AB02A95503C702AA35AD
:10B2D900E002AB350002AC350403CB20048D00D568
:10B2E900FC350001FB350001FC350001FD3500018D
:10B2F900FE5B0487720003B204AC00B5227211032D
:10B30900B2A601C1014126074F8D00BB11200DA630
:10B3190002C101412606A6028D00BB11C603B24433
:10B32900A401A1002603CCB5228D00C8DAC603B258
:10B339004EA40FA401A100260DC603B28D00DA7632
:10B34900A401A100273D720F03B204AC00B522A6E7
:10B3590040C103B92603CCB522AE03548D00CEFDFE
:10B36900BE00A300002605BE02A300002603CCB53B
:10B3790022721E03B2AE03548D00CEFDAE0358AC4B
:10B3890000CF45C603B5444444A401A1002769A6DA
:10B3990001C101412662A640C103B92750AE035439
:10B3A9008D00CEFDBE00A300002605BE02A300004D
:10B3B900273B350103BB5503B903B8C603B244445F
:10B3C90044A401A1002626CE037C5CCF037C90CE49
:10B3D900037CAE0004BF00938D00D4801C017790DC
:10B3E90093AE03548D00CEFD938D00CF45721703A4
:10B3F900B2AE03E8CF037287C603B2444444A40142
:10B40900A1002618AE03548D00CEFDBE00A300FF97
:10B419002605BE02A3FFFE2703CCB522721703B28D
:10B42900AE03548D00CEFDBE00A300FF2605BE026B
:10B43900A3FFFE26055503B903B8AE03078D00CE59
:10B44900FDBE0202A4FF02A4FF02A35556267BA655
:10B4590001C101412674AE0018CF013FA6018D003C
:10B46900BB11C603B244A401A1002603CCB5228DA9
:10B4790000C8DAA6FFC103B92632C603B244444460
:10B48900A401A1002705721703B287CE037CA3018B
:10B49900002503CCB5228D00D126AE03548D00CEF4
:10B4A900FDAE03588D00CF45AC00C067C603B84D4B
:10B4B9002667C603B2444444A401A100275B72175E
:10B4C90003B28D00D126AC00B732350103BBA6010A
:10B4D900C101412606AE000CCF013F721303B15FD3
:10B4E900CF037A721903B1C603B14EA40F44A40164
:10B4F900A1002706AE5FA0CF038CAE03E8CF03728D
:10B50900A601C101412608AE02BCCF03742006AED4
:10B5190001F4CF0374721C03B187720E03B304AC38
:10B5290000B731721F03B3C603BA4D2708A6FFCB74
:10B5390003BAC703BACE03785D2707CE03785ACF7B
:10B549000378CE037A5D2707CE037A5ACF037AC6EA
:10B5590003BD4D2708A6FFCB03BDC703BDCE038896
:10B569005D2707CE03885ACF0388CE038A5D270754
:10B57900CE038A5ACF038ACE038C5D2707CE038C6C
:10B589005ACF038CCE038E5D2707CE038E5ACF0385
:10B599008ECE03905D2707CE03905ACF0390CE033A
:10B5A900805D2707CE03805ACF0380CE036A5D27CB
:10B5B90009CE036A5ACF036A2021C603B24EA40FEB
:10B5C900A401A1002615C603B28D00DA76A401A153
:10B5D9000026085FCF0382350003BCCE0382A30097
:10B5E900042510AE03BCF6A10A2408A601CB03BCAE
:10B5F900C703BCC603B344A401A1002708721303FF
:10B60900B3350003BC5FCF0382CE0382A300FA25C2
:10B61900185FCF0382721803B2721A03B2AE15040F
:10B62900CF0384AE01F4CF038AC603B24EA40FA49C
:10B6390001A1002610C603B28D00DA76A401A1008B
:10B649002603CCB731CE03865CCF0386CE0386A30F
:10B65900002E25255FCF0386CE03885D270672124B
:10B6690050052015C6500544A801A401B700C650CD
:10B679000544A8014490135005720E03B204AC00AE
:10B68900B71FC603B34444A401A1002703CCB71FC5
:10B69900721F03B2C603B2444444A401A1002706A1
:10B6A900721703B220708D00D126AE1504CF038422
:10B6B900C603B28D00DA76A401A100271BAE035898
:10B6C9008D00CEFDBE00A300FF2605BE02A3FFFE2E
:10B6D90027068D00C067203EC603B24EA40FA40101
:10B6E900A1002732C603B24EA40F44A401A100272A
:10B6F9000C721B03B25FCF037C8D00CD56AE03588D
:10B709008D00CEFDBE00A300FF2605BE02A3FFFEED
:10B7190027048D00C067CE03845D2708CE03845AB1
:10B72900CF0384878D00D89D878D00C24B8D00C2C1
:10B7390004520B90AE93B3961C000189A6038D00A9
:10B74900D79785CE037C5ACF037CCE037C90AE017C
:10B759000065909F6B01CE037C9E6B02A6018D0054
:10B76900D9E97B02AE13FEBF025FBF008D00D9B7D6
:10B779007B01AE13FFBF025FBF008D00D9B7A601E1
:10B789008D00D9A53F093F08200B8D00DA82BE083C
:10B799001C0001BF08BE08A301042465AE0003BF55
:10B7A90000BE088D00D480909372A9100090BF024A
:10B7B9003F013F008D00D9B26B011C0001909372CB
:10B7C900A9100090BF023F013F008D00D9B26B0262
:10B7D9001C00011C1000BF025FBF008D00D9B26BB5
:10B7E900034F6B087B016B097B026B0A7B036B0BB5
:10B7F900AE035490938D00CEE308938D00BA93263F
:10B80900894F6B014F6B024F6B03AE0003BF00BE44
:10B81900088D00D4809093A6018D00D9E97B01930E
:10B829001C1000BF025FBF008D00D9B772A90001CB
:10B839007B02931C1000BF025FBF008D00D9B77255
:10B84900A900017B03931C1000BF025FBF008D009C
:10B85900D9B7A6018D00D9A5CE037CBF0A3F0D3FFC
:10B869000C3F093F08200B8D00DA82BE081C00013D
:10B87900BF08BE08B30A2503CCB932AE0003BF0026
:10B88900BE088D00D480909372A9100090BF023F2A
:10B89900013F008D00D9B26B011C0001909372A980
:10B8A900100090BF023F013F008D00D9B26B021C0E
:10B8B90000011C1000BF025FBF008D00D9B26B03ED
:10B8C9004F6B047B016B057B026B067B036B078D5A
:10B8D90000CEE304BE00A300002605BE02A30000BB
:10B8E90027138D00CEE304BE00A300FF2605BE0288
:10B8F900A3FFFF2609BE0A1C0001BF0A2021AE00D2
:10B9090004BF00BE0C8D00D4801C017B90938D0078
:10B91900CEE304938D00CF45BE0C1C0001BF0CBEC5
:10B929000AA301052403CCB8705B0BAC00C2B7AE07
:10B939000004B603EB03B703B602E902B702B60186
:10B94900E901B701B600F9B70087B600BE06429F04
:10B95900B700B601BE05429FBB00B700B602BE04E0
:10B96900429FBB00B700B603BE03429FBB00B700AE
:10B97900B601BE06423F0172BB0000BF00B602BE5F
:10B98900054272BB0000BF00B603BE044272BB0091
:10B9990000BF00B602BE06423F0272BB0001BF01F2
:10B9A90024023C00B603BE054272BB0001BF01245C
:10B9B900023C00B603BE06423F0372BB0002BF024F
:10B9C9002405BE005CBF00878D00D71E20048D00B2
:10B9D900D71EBE00261E90BE04260CBE0290BE06CF
:10B9E90065BF0290BF0687BF04450206450307BF2E
:10B9F90000BF0287A6203D00260DBE01BF004503FA
:10BA0900023F033A03A0085F905F992017905959A4
:10BA1900B304260390B306250B72B2000624015A1B
:10BA290072B0000439033902390139004A2ADEBFEC
:10BA39000490BF06BE0053BF00BE0253BF02874B2E
:10BA4900004B003D002A0BAE00008D00BA830301B4
:10BA590003023D042A09AE00048D00BA8303018D57
:10BA690000B9DB844D2707AE00008D00BA83844DF1
:10BA79002707AE00048D00BA838760034FE202E70F
:10BA8900024FE201E7014FF2F787908990BE00F378
:10BA9900260590BE02E302908587BE00B304260402
:10BAA900BE02B30687AE0004B600F4B700B601E4DF
:10BAB90001B701B602E402B702B603E403B703878C
:10BAC900AE0004B600FAB700B601EA01B701B60242
:10BAD900EA02B702B603EA03B70387AE00004D27AF
:10BAE9000A680369026901794A26F687AE00004DA2
:10BAF900270A746601660266034A26F687BF025F53
:10BB09003D022A0153BF00878D00C24B520EB70672
:10BB19003D062706B606A101260635030007200AB9
:10BB2900B606A1022604350700073F0520389358B9
:10BB39009093B603A401A100270472A90001A602EB
:10BB49008D00BAF5B604AB01B704B604A11025DE21
:10BB59005FB6059758BF00961C000172BB0000FF35
:10BB6900B605AB01B705B605B10724403D06270662
:10BB7900B606A10226163F04AE0004BF00BE048D1E
:10BB890000D4801C03038D00CEFD20143F04AE00B9
:10BB990004BF00BE048D00D4801C030F8D00CEFDB0
:10BBA900905FA6018D00BAF53F04209E3D06270649
:10BBB900B606A10126681E0372FB011305265872F9
:10BBC9001203B27210014A1E01BF0A5FBF081E03A9
:10BBD90002A40002A4FF02BF025FBF005FBF065CB0
:10BBE900BF048D00B9538D00C3008D00B938AE0371
:10BBF900548D00CF45AE03548D00CEFDBE00A30089
:10BC0900002605BE02A300002604721303B21E0318
:10BC19009EC703B9CCBCDA721303B2CCBCDAB60640
:10BC2900A1022703CCBCDA1E0372FB0172FB057269
:10BC3900FB0772FB0972FB0B130D2703CCBCD672F1
:10BC49001203B27210014A1E01BF0A5FBF081E0328
:10BC590002A40002A4FF02BF025FBF005FBF065C2F
:10BC6900BF048D00B9538D00C3008D00B938AE03F0
:10BC7900548D00CF45AE03548D00CEFDBE00A30008
:10BC8900002605BE02A300002604721303B21E0398
:10BC99009EC703313F05B605A1042435905FB6055B
:10BCA90090979058961C000190BF0072BB00001C31
:10BCB9000004FE905FB6059097905872A9033290E0
:10BCC900FF72A20332B605AB01B70520C97213038F
:10BCD900B25B0EAC00C2B28D00C24B8D00C250895E
:10BCE9008D00C2418D00C246885204AE00001F017A
:10BCF900AE00001F031E0372FB0E5CF65F97BF02C6
:10BD09005FBF00A6088D00BAE48D00C2F31E03725E
:10BD1900FB0EF65F97BF025FBF00A6108D00BAE465
:10BD29008D00BAC91E0372FB0E5C5CF65F97BF06F5
:10BD39005FBF048D00BAC98D00C31ABE08A30001F4
:10BD49002605BE0AA3000025044FCCBEA61E037219
:10BD5900FB0E1C0005F65F97BF025FBF00A6108DA2
:10BD690000BAE48D00C2F31E0372FB0E1C0004F638
:10BD79005F97BF025FBF00A6188D00BAE48D00BAB5
:10BD8900C98D00C2F31E0372FB0E1C0006F65F97F5
:10BD9900BF025FBF00A6088D00BAE48D00C3348DD1
:10BDA90000C2CC8D00C30D8D00BAC91E0372FB0EF3
:10BDB9001C0007F65F97BF065FBF048D00BAC98DE7
:10BDC90000C3348D00CF09068D00C2E68D00BAA3E9
:10BDD9002703CCBE7D353800107B055F97BF025F16
:10BDE900BF008D00C30D8D00B938B600C700117BA7
:10BDF900055F97BF025FBF008D00C30D8D00B93885
:10BE0900B601C700127B053F00B701BE0E72BB0029
:10BE1900009EC70013B60F1B05C700143F017B1B0B
:10BE2900B708202A1E0372FB0E7B053F02B7037277
:10BE3900BB00023F0072BB00001C0008F6B7005FA0
:10BE4900B60197B600D70015B601AB01B701B60127
:10BE5900B10825D08D00DA70AE02DBBF0090AE00CC
:10BE6900105FB608971C00058D00CE628D00DA7050
:10BE7900A60120298D00CF09018D00C2D98D00B9F5
:10BE890038AE00018D00CF3B8D00CF090A8D00CE61
:10BE9900E3018D00BAA32403CCBCFEA6015B0FAC61
:10BEA90000C2AE8D00C24B8D00C2045207BF08907C
:10BEB900AE93B6961C000189A6038D00D79785908D
:10BEC900AE93A1961C000489A6048D00D79785BE60
:10BED90008A305152505AE0514BF08BE08C30368E8
:10BEE9002603CCC0613504000B202F3F0CAE0005A2
:10BEF900BF00BE0C8D00D4801C8CA3350800023510
:10BF09000500013F0089A60697B60B429FAB5685EF
:10BF19008D00CC38B60BABFFB70B3D0B2603CCBF5E
:10BF2900D490AE000ABE086561B70D6190AE000AF3
:10BF3900BE0865BF08B60BA10126743D0D2631AEBA
:10BF49008C5335080002350500013F00A6568D00C7
:10BF5900CC38AE8C9435080002350500013F0089C4
:10BF6900A60697B60B429FAB56858D00CC3820A408
:10BF7900AE8C9435080002350500013F00A6568DA8
:10BF890000CC383F0CAE0005BF00BE0C8D00D4803C
:10BF99001C8CA335080002350500013F0089A6065F
:10BFA90097B60B429FAB56858D00CC38CCBF1DB6DA
:10BFB9000BA1042703CCBEF4B60DA1062403CCBF04
:10BFC9001DBE081C0001BF08CCBF1D3F0B20393F17
:10BFD9000A961C000472BB000AF6905F9097AE00A7
:10BFE90005BF00938D00D4801C8BB3350800023542
:10BFF9000500013F0089A60697B60B429F858D0073
:10C00900CC38B60BAB01B70BB60BA10225C13F0B60
:10C01900203B3F0A961C000172BB000AF6905F9014
:10C0290097AE0005BF00938D00D4801C8BB33508F3
:10C039000002350500013F0089A60697B60B429F0D
:10C04900AB6E858D00CC38B60BAB01B70BB60BA127
:10C059000325BFBE08CF03685B07AC00C2B78D00DC
:10C06900C24B520B90AE93B0961C000189A6038D6A
:10C0790000D79785CE037C5CCF037CCE037C90AE42
:10C08900010065909F6B01CE037C9E6B02A6018D1A
:10C0990000D9E97B02AE13FEBF025FBF008D00D954
:10C0A900B77B01AE13FFBF025FBF008D00D9B7A6F2
:10C0B900018D00D9A5CE037C9093AE0004BF0093F7
:10C0C9008D00D4801C01779093AE03588D00CEFD6E
:10C0D900938D00CF45AE03588D00CEFDAE00088D7F
:10C0E90000CF3B3F0B3F0A200B8D00DA82BE0A1CB2
:10C0F9000001BF0ABE0AA301042503CCC18AAE0010
:10C1090003BF00BE0A8D00D480BF08BE081C100002
:10C11900BF025FBF008D00D9B26B01BE081C0001D0
:10C12900BF08BE081C1000BF025FBF008D00D9B256
:10C139006B02BE081C0001BF08BE081C1000BF022C
:10C149005FBF008D00D9B26B034F6B047B016B0598
:10C159007B026B067B036B078D00CEE304BE00A355
:10C1690000002605BE02A3000027168D00CEE304B9
:10C17900BE00A300FF2605BE02A3FFFF2703CCC014
:10C18900F27B096B017B0A6B027B0B6B03BE081CFC
:10C19900FFFE9093A6018D00D9E97B01931C100045
:10C1A900BF025FBF008D00D9B772A900017B02935E
:10C1B9001C1000BF025FBF008D00D9B772A9000132
:10C1C9007B03931C1000BF025FBF008D00D9B7A687
:10C1D900018D00D9A5CE037CA30100250E8D00D8C1
:10C1E9009D350003B8AE006ECF038E5B0BAC00C269
:10C1F900B288A608200A88A60A200588A60C20006D
:10C20900887B02887B02891E061F045F977B086B67
:10C2190006FE1F07858487891E06BF08200E891E12
:10C2290006BF0A2007891E06BF0C20001E041F0630
:10C239001E021F04855B028788A600200F88A604BA
:10C24900200A88A608200588A60C200088897B0476
:10C25900887B04891E081F045F977B0A6B061F09E8
:10C26900FE1F071E095C5CFE1F09858487891E065F
:10C27900BF001E08BF022021891E06BF041E08BF79
:10C28900062016891E06BF081E08BF0A200B891E34
:10C2990006BF0C1E08BF0E20001E031F071E041F29
:10C2A90008855B04878D00C2978D00C28C878D003D
:10C2B900C22E8D00C28C878D00C22087450008459B
:10C2C900010987450400450501450602450703871D
:10C2D900450800450901450A02450B0387450C003D
:10C2E900450D01450E02450F03874500044501052B
:10C2F90045020645030787450804450905450A0619
:10C30900450B0787450C04450D05450E06450F07E6
:10C319008745000845010945020A45030B8745047D
:10C329000845050945060A45070B8745000C4501DF
:10C339000D45020E45030F879B8D00D8428D00DA0B
:10C34900958D00DA378D00D6F28D00D6988D00DAFA
:10C35900268D00C5608D00DA488D00D7E08D00DAA2
:10C3690082AE1965CF016AAE6378CF016CAE000564
:10C37900CF016EAE005ACF0170AE6400CF0172AE2C
:10C38900000CCF0174AE0000CF0176AE100CCF01C6
:10C39900788D00D1D78D00D9749A8D00DA828D00FD
:10C3A900CCC98D00D54D721703B5721403B272133F
:10C3B90003B5721103B5721D03B1350A03BA8D00B5
:10C3C900D5FCA601C45006B700C65006449019030F
:10C3D900B5C603B54EA40FA401A100260635010177
:10C3E9007A200A350B017A200472165005C603B566
:10C3F9004EA40FA401B700A601C45006B10027023C
:10C4090020FE8D00DA82CE038E5D26048D00A2DA2D
:10C419008D00B5238D00A79BC603B24444A401A196
:10C429000027088D00CF618D0094AA8D00D50B8D52
:10C4390000AB068D009B63C603B18D00DA76A401BB
:10C44900A10026A5C603B18D00DA76A401A10026B4
:10C459009C72175005209652017213500A7210509F
:10C469000A961C00018D00D6347B014EA40F44A40A
:10C4790001A10027ECA6818D00D941961C00018DF0
:10C4890000D6347B0144A40FA10027EF8D00D9FE0B
:10C49900A6828D00D941961C00018D00D6347B01FE
:10C4A90044A40FA10027EF8D00D9FE8D00DA674B58
:10C4B90018A608AE04FCBF06AE2000BF04CE014C8E
:10C4C9008D00BCE05B018D00D7BC8D00D9FE8D00CD
:10C4D900DA674B04A608AE02ECBF06AE2000BF0423
:10C4E900CE014C8D00BCE05B018D00D7BC8D00D91D
:10C4F900FEA601C103C8260F350C0000A606AE0131
:10C509004E8D00D22A2014A602C103C8260D351C5F
:10C519000000A606AE014E8D00D22A8D00D7BC8D33
:10C5290000D9FEA6848D00D9418D00D7BC8D00D9D4
:10C53900FE8D00D2C48D00D7BC8D00D9FEA6828D98
:10C5490000D941961C00018D00D6347B0144A40F0B
:10C55900A10027EF5B01875F5CBF04CCC653AE0027
:10C5690004BF00BE048D00D4801C03809093931CEB
:10C579001000BF025FBF008D00D9B2AE0004BF003A
:10C58900BE048D00D480D70269931C1001BF025FDD
:10C59900BF008D00D9B2AE0004BF00BE048D00D427
:10C5A900801C026AF7931C1002BF025FBF008D0056
:10C5B900D9B2AE0004BF00BE048D00D4801C026B4A
:10C5C900F7931C1003BF025FBF008D00D9B2AE0004
:10C5D90004BF00BE048D00D4801C026CF7AE0004B9
:10C5E900BF00BE048D00D4801C02698D00CEFDBE43
:10C5F90000A300002605BE02A300002720AE000408
:10C60900BF00BE048D00D4801C02698D00CEFDBE22
:10C6190000A3FFFF2605BE02A3FFFF2626AE0004E6
:10C62900BF00BE048D00D4801C934D9093AE0004CE
:10C63900BF00BE048D00D4801C026989A6048D0048
:10C64900D79785BE041C0001BF04BE04A3000224C1
:10C6590003CCC567873F025FB60297A628D70010AB
:10C66900B602AB01B7025FB60297A620D70010B693
:10C6790002AB01B7025FB602974FD70010B602AB03
:10C6890001B7025FB60297A604D70010B602AB0144
:10C69900B7025FB60297A6F4D70010B602AB01B78E
:10C6A900025FB60297A620D70010B602AB01B70207
:10C6B9005FB602974FD70010B602AB01B7025FB65B
:10C6C9000297A60AD70010B602AB01B7025FB602FD
:10C6D90097A6F0D70010B602AB01B7025FB6029772
:10C6E900A620D70010B602AB01B7025FB602974F7A
:10C6F900D70010B602AB01B7025FB60297A60CD7F6
:10C709000010B602AB01B7025FB60297A618D700B0
:10C7190010B602AB01B702AE02DBBF0090AE00104B
:10C729005FB602978D00CE625FBF02BF0087A68207
:10C739008D00D9418D00D7BC8D00D9FEA6818D0011
:10C74900D9418D00D7BC8D00D9FE8D00DA67CE01A5
:10C759004C8D00C9948D00D7BC8D00D9FE8D00D2B7
:10C76900C48D00D7BC8D00D9FEA601C103A3263B09
:10C779005FBF06BF04AE41F8BF02AE4000BF008DE7
:10C7890000D4C78D00D7BC8D00D9FEAE0043BF06CB
:10C79900AE06C0BF04AE0378BF02AE2000BF008D55
:10C7A90000D4C78D00D7BC8D00D9FEAE016A8D00BB
:10C7B900CF23AE02ECBF02AE2000BF008D00D4C76C
:10C7C900AE016E8D00CF23AE031CBF02AE2000BFA9
:10C7D900008D00D4C78D00D7BC8D00D9FEA6858DEC
:10C7E90000D9418D00D7BC8D00D9FEA6818D00D915
:10C7F900418D00D7BC8D00D9FEC650104EA40FA4A0
:10C8090001A10026F487CE03725D2707CE03725A71
:10C81900CF0372C603C44D2708A6FFCB03C4C703C1
:10C82900C4CE03745D2707CE03745ACF0374CE03B5
:10C83900765D2707CE03765ACF0376CE03985D2718
:10C8490007CE03985ACF0398C603B74D2708A6FF0A
:10C85900CB03B7C703B7C603B64D270AA6FFCB0359
:10C86900B6C703B62008350A03B6721E03B3CE0352
:10C879009A5D2707CE039A5ACF039AC6014B4D27D3
:10C8890008A6FFCB014BC7014BCE03705D2707CE2E
:10C8990003705ACF0370CE03945D2707CE03945AD1
:10C8A900CF0394CE03965D2707CE03965ACF0396FE
:10C8B900C603C14D2708A6FFCB03C1C703C1C603E1
:10C8C900C24D2708A6FFCB03C2C703C2721152E5A6
:10C8D900878D00C1FA3F093F082044A602C10141E2
:10C8E900260F90AE0331AE032889A6098D00D7978C
:10C8F90085C603B24EA40FA401A100271BC603B22B
:10C909004EA40F44A401A100270ECE037CBF0872D8
:10C919001703B25503B903B8BE081C0001BF08BE0E
:10C9290008C3037C2437AE0004BF00BE088D00D4C1
:10C93900801C017B8D00CEFDAE03548D00BA932679
:10C94900B0BE08CF037ECE037CBF08721603B2A621
:10C9590001C1014126855503B903B8209472160314
:10C96900B2A601C1014126095503B903B8AC00C2F9
:10C97900C0A602C10141260F90AE0331AE0328893A
:10C98900A6098D00D79785AC00C2C08D00C24B8D1A
:10C9990000C250898D00C2415FBF0EBF0CBE0E722E
:10C9A900FB055CF65F97BF025FBF00A6088D00BA62
:10C9B900E48D00C2F3BE0E72FB05F65F97BF025FFE
:10C9C900BF00A6108D00BAE48D00BAC9BE0E72FB75
:10C9D900055C5CF65F97BF065FBF048D00BAC98D21
:10C9E90000C31ABE08A300012605BE0AA30000253C
:10C9F900034F20448D00DA70AE02DBBF0090BE0EFB
:10CA090072F90572A90003BE0A1CFFFD8D00CE62F2
:10CA19008D00DA708D00C2E68D00C3008D00B93833
:10CA29008D00C3348D00CF09018D00C2E68D00BA97
:10CA3900A32403CCC9A6A6015B06AC00C2AE8D0037
:10CA4900C24B720103B304AC00CAF0721003B33FC6
:10CA59000B3F0A2043C603B34EA40FA401A100262D
:10CA69000C721803B3721703B3721B50F3A6FA8D35
:10CA790000DA12A6FA8D00DA12A6FA8D00DA128D02
:10CA890000DA82BE081C0001BF08BE08A3070825FA
:10CA9900C4BE0A1C0001BF0ABE0AA3000324483F02
:10CAA900093F082035C603B3444444A401A1002624
:10CAB9000C721603B3721903B3721A50F3A6FA8DE6
:10CAC90000DA12A6FA8D00DA12A6FA8D00DA128DB2
:10CAD90000DA82BE081C0001BF08BE08A3070825AA
:10CAE900C43F093F0820A3AC00C2B2B700AE03C5DA
:10CAF900F64D27054A274C206F5501FC01FB5501CE
:10CB0900FD01FC5501FE01FDB600C701FEA6ABC142
:10CB190001FB265C350103CAA601CB03C5C703C5C2
:10CB2900350003C95501FC03C75501FD03C855016B
:10CB3900FE03C6C603C64D2637A601CB03C5C703E8
:10CB4900C5202DC603C95F97B600D701FFA601CB43
:10CB590003C9C703C9AE03C9F6C103C62512A60195
:10CB6900CB03C5C703C52008350003C5350003CA73
:10CB7900A602C103C52611350003C5350003C93511
:10CB89000203CA5F5CCF039A87C65231AC00CAF46C
:10CB99003B00088D00C2F3B7013F083F005FB608AC
:10CBA90097A678D70010B608AB01B7085FB6089703
:10CBB900B604D70010B608AB01B7085FB60897B638
:10CBC90005D70010B608AB01B7084506025FB608DD
:10CBD90097B602D70010B608AB01B7085FB6089739
:10CBE900B607D70010B608AB01B7084FB700201534
:10CBF9005FB60897A6FFD70010B608AB01B708B60D
:10CC090000AB01B700B600B10125E58D00DA70AEC1
:10CC190002DBBF0090AE00105FB608978D00CE62B0
:10CC29008D00DA70AE034C8D00CEFD320008878D81
:10CC390000C1FA3B000AB705450006450103909378
:10CC4900A6105F01B60502629FAB10B709A6105F77
:10CC590001B6050262B70A3F08202A90F68D00D571
:10CC6900C272A90001B607AB01B7073F045FB6035B
:10CC79009772BB0004BF005FB60797B3002FDCB6FD
:10CC890008AB01B708A6085F01B602026241B70006
:10CC990041B608B1002422A6085F01B60602629FC8
:10CCA900BB08ABB08D00D588B6098D00D588B60A0A
:10CCB9008D00D58845050720B232000AAC00C2C0F4
:10CCC9007217500F7215500FAE00648D00D8BA72EA
:10CCD90014500FAE00148D00D8BAA6E28D00D58885
:10CCE900AE00058D00D8BAA62C8D00D588AE0005FA
:10CCF9008D00D8BAA62E8D00D588AE00058D00D836
:10CD0900BAA62F8D00D588AE00058D00D8BAA62405
:10CD19008D00D588A6818D00D588A61A8D00D58865
:10CD2900A6A28D00D588A6C88D00D588A6A08D009D
:10CD3900D588A6408D00D588A6AF8D00D588A601D7
:10CD49008D00D3A57216500F35FF0149878D00C19B
:10CD5900FA520390AE93AD961C000189A6038D008B
:10CD6900D797854F6B014F6B024F6B033F093F0804
:10CD79002059AE0003BF00BE088D00D4809093A651
:10CD8900018D00D9E97B01931C1000BF025FBF0030
:10CD99008D00D9B772A900017B02931C1000BF0254
:10CDA9005FBF008D00D9B772A900017B03931C10E6
:10CDB90000BF025FBF008D00D9B7A6018D00D9A5BC
:10CDC9008D00DA82BE081C0001BF08BE08A3010459
:10CDD90025A05B03AC00C2C0AE03A7F64D27084AE5
:10CDE90027364A2765206DC603A848C703A8C65039
:10CDF9000B8D00DA76A401A1002708A601CB03A8B0
:10CE0900C703A8A655C103A8264A350103A73500BB
:10CE190003A9350003A8203CC6500B8D00DA76A47F
:10CE290001C103A92707CE036E5CCF036ECE036C45
:10CE39005CCF036CA601C803A9C703A9CE036CA3E1
:10CE490003E82510350203A7200ACE036C5D2604EA
:10CE5900350003A7721850A3878D00C1FABF069049
:10CE6900BF048D00C2C572195005350003A0905F3B
:10CE7900205B9372BB0004F68D00D8D5C7039FAE23
:10CE8900034C8D00CEFDA6088D00BAE4AE034C8D8F
:10CE990000CF45C6039F5F97BF025FBF00AE034C3B
:10CEA9008D00BACCAE034C8D00CF45C603A0352802
:10CEB90000005F97B600625F9772BB0008C6039FC8
:10CEC900F7A601CB03A0C703A072A9000190B3067E
:10CED90025A072185005AC00C2C084855C89885AA7
:10CEE900B701BF0292BC00015F975C5C5CBF009612
:10CEF90072BB000089FEBF001E01EE02BF028587DA
:10CF090084855C89885AB705BF0692BC00055F977E
:10CF19005C5C5CBF049672BB000489FEBF041E0101
:10CF2900EE02BF06858789FEBF081E01EE02BF0A11
:10CF3900858789961C000572FB015B02908990BE6A
:10CF490000FF90BE02EF02908587908990BE04FF92
:10CF590090BE06EF02908587CE03765D2671C603E3
:10CF6900A24D26434F5FBF045CBF06AE380CBF021B
:10CF7900AE4000BF008D00D310BE00A300002605FF
:10CF8900BE02A300002720350103A2A601C1014169
:10CF99002607AE0052CF037687A602C10141262F8C
:10CFA900AE0064CF0376878D00AE1D8D00D1D7A664
:10CFB90001C101412608AE0012CF0376200DA60259
:10CFC900C101412606AE0012CF0376350003A287C0
:10CFD90052017212500A7211500A961C00018D00FA
:10CFE900D6347B014EA40F44A401A10027ECA682EC
:10CFF9008D00D9418D00D7BC8D00D9FE8D00D2C4DA
:10D00900961C00018D00D6348D00D9FEC650104EF5
:10D01900A40FA401A10026F4A6838D00D941961C72
:10D0290000018D00D6347B0144A40FA10027EF969F
:10D039001C00018D00D6347B0144A40FA10126EF09
:10D049008D00D9FE5B0187721A5007721A50087257
:10D059001C5007721C5008721F5007721E5008722C
:10D069001850C3721D5200721F5200A6C7C4520045
:10D07900C752007214520072135200721152007298
:10D089001F5201721B520172155201721252017222
:10D09900105201721F5202721D5202721B52027209
:10D0A9001952027213520272115202721C52007208
:10D0B90018500772185008721850098772155002D3
:10D0C90072145003721A03B3721D03B33501039E20
:10D0D9003501039EC603B38D00DA76A401C7039E0A
:10D0E9003501039E3501039EC603B38D00DA76A48C
:10D0F90001C7039E3501039E3501039EC603B38D07
:10D1090000DA76A401C7039E3501039C3501039C0F
:10D11900C603B38D00DA76A401C7039C878D00C1CD
:10D12900FA721250053F093F082035C603B344443B
:10D1390044A401A100260C721603B3721903B37239
:10D149001A50F3A6FA8D00DA12A6FA8D00DA12A6A1
:10D15900FA8D00DA128D00DA82BE081C0001BF08C0
:10D16900BE08A3104025C4721703B3721B50F3AE57
:10D1790000B9CF0388AC00C2C0B7013F025FB60255
:10D1890097B601AA68D70010B602AB01B7023F01F2
:10D1990020155FB60297A6FFD70010B602AB01B7FC
:10D1A90002B601AB01B7015FB600971C0002905FA0
:10D1B900B6019097BF0490B3042FD7AE02DBBF002E
:10D1C90090AE00105FB602978D00CE624F878D003A
:10D1D900D0508D00D6C67211500FA6328D00DA12CA
:10D1E9008D00DA827210500FA6828D00D9418D0010
:10D1F900D7BCA6818D00D9418D00D7BC8D00DA82BC
:10D209008D00C7378D00DA828D00CFD98D00DA8283
:10D219008D00C65E8D00DA827212500A7211500AB0
:10D22900879093B7013F035FB60397B601AA20D74A
:10D239000010B603AB01B7033F0120195FB603978E
:10D2490090F6D7001072A90001B603AB01B703B677
:10D2590001AB01B701B601B10025E1AE02DBBF00A8
:10D2690090AE00105FB603978D00CE624F8772199A
:10D27900500C7219500D7218500EA6FCC450A1C75B
:10D2890050A1721250A1721D500C721C500D721DCA
:10D29900500E877210501172105012721050137282
:10D2A9001B500C721B500D721B500E7219501172CB
:10D2B90018501272195013AC00D277353800103556
:10D2C90040001135000012353800133508001435B7
:10D2D900FF001535FF001635FF001735FF0018351B
:10D2E900FF001935FF001A35FF001B35FF001C8DA3
:10D2F90000DA70AE02DBBF0090AE0010AE000D8DFB
:10D3090000CE62AC00DA708D00C24B8D00C250882D
:10D3190052018D00C3348D00C327961C00018D0076
:10D32900D6347B014EA40F44A401A10027ECA60624
:10D339008D00C2E68D00CB99AE034C8D00CF237BC7
:10D34900028D00C2D98D00BAE48D00BAAE5B02AC81
:10D3590000C2AE7216500272165003721650007255
:10D369001850027218500372195000721650117237
:10D379001650127217500F72145011721450127203
:10D3890015500F72125011721250127213500F72FF
:10D399001A5002721A5003721B500087B70435B035
:10D3A90000032006B603AB01B703B603A1B92434C1
:10D3B900B6038D00D588A6108D00D5884F8D00D570
:10D3C900883F02200CA6FF8D00D5C2B602AB01B77B
:10D3D90002B602A18024CDB604A10126E84F8D0032
:10D3E900D5C220E787B70435B000032006B603ABE2
:10D3F90001B703B603A1B12434B6038D00D588A6BD
:10D40900108D00D5884F8D00D5883F02200CA6FFCE
:10D419008D00D5C2B602AB01B702B602A18024CDF8
:10D42900B604A10126E84F8D00D5C220E787B704CD
:10D4390035B700032006B603AB01B703B603A1B89D
:10D449002434B6038D00D588A6108D00D5884F8D5C
:10D4590000D5883F02200CA6FF8D00D5C2B602ABCD
:10D4690001B702B602A18024CDB604A10126E84F76
:10D479008D00D5C220E78788895EB60142891E03DF
:10D48900B6004272FB014F02891E05B6014272FBCA
:10D49900015B0684875D2B06905D2B0A658750909A
:10D4A9005D2B07655087905020F9905020EE4D274D
:10D4B90004584A26FC874D2704544A26FC873538E8
:10D4C9000010B600C70011B601C70012B602C700A6
:10D4D90013B603C70014B604C70015B605C700166E
:10D4E900B606C70017B607C700188D00DA70AE0276
:10D4F900DBBF0090AE0010AE00098D00CE62AC001B
:10D50900DA70A602C103CA2608350303CA8D00B022
:10D5190094A603C103CA262BCE039A5D2625C6030A
:10D52900B544A401A100261B720003B516350403F6
:10D53900CAC603CB905F9097AE02A98D00DAB135C8
:10D549000003CA87721350058D00D801721F03B4F6
:10D559005FCF03727215500572175005721D03B122
:10D5690072135005721403B2AE0384CF0390350AC7
:10D5790003BAAE1965CF016AAE6378CF016C87B77C
:10D58900017217500F721B50003F0020137219507F
:10D59900007212500FB60148B701B600AB01B700CF
:10D5A900B600A10824127213500FB601A480A1007D
:10D5B90027DB7218500020D987B7017217500F72F4
:10D5C9001A50003F002013721950007212500FB602
:10D5D9000148B701B600AB01B700B600A108241293
:10D5E9007213500FB601A480A10027DB72185000F6
:10D5F90020D98735AB02A95503C702AA35E102AB89
:10D60900350702AC3F0120143F005FB60197D601F0
:10D6190042BE00D702ADB601AB01B701B601A10701
:10D6290025E6350B03CB350303CA878D00C1FA52B2
:10D6390001BF088D00D9FE8D00D8228D00D9FE8D3D
:10D6490000D822C6039F6B01961C00019093BE0867
:10D6590089A6018D00D797855B01AC00C2C0721500
:10D66900500272155003721550047211500772104E
:10D679005008721150093500039E3501039E35008B
:10D68900039E3500039E3501039E3500039E877274
:10D699001050C2720350C2FB350150C8721250C9F2
:10D6A900350050C0356450C3350350C4721450C29C
:10D6B900C650C2444444A401A10027F4873580011F
:10D6C9003C3504013D350003A13501013EA601C1E8
:10D6D90001412607AE000CCF013F87A602C10141D7
:10D6E9002606AE001CCF013F878D00D667350003A3
:10D6F9009D3501039D721050027210500372115032
:10D70900008D00D7728D00D29C8D00D95B8D00D021
:10D71900C5AC00D35C887B05B7051E06BF061C0097
:10D72900041F0624020C055F92AF0005885CA30064
:10D739000426F5320007320006320005320004845F
:10D749008789FE9093855C5C905D271C89FEBF00EC
:10D75900855C5C89FEBF02855C5C515A92D6009259
:10D76900D7025A2AF75120D98772125007721250DC
:10D77900087213500572145007721450087215502C
:10D78900057216500772165008721750058788904F
:10D79900F6F75C905C0A0126F684875F9784B702E6
:10D7A900908572BB00005AF688B30026F99089B6B5
:10D7B9000288873B00083F088D00D9FE8D00D822DA
:10D7C9008D00DA82A626C4039FA1242706B608A1E4
:10D7D900C825E532000887350050F3A6E0C450F3A8
:10D7E900AA05C750F3A63FC450F3AA80C750F372E5
:10D7F9001250CB721550CB877219500C7219500DFB
:10D809007219500EA6FCC450A1C750A1721D500C2C
:10D81900721C500D721D500E8735FF001035FF0028
:10D82900118D00DA70AE02DBBF0090AE0010AE00C1
:10D83900028D00CE62AC00DA7035AE50539D35567C
:10D8490050539D72075054FB9D358050519D35555D
:10D85900480B9D35AA480C8790AE938D2011931CD7
:10D86900000389938D00DA5985928D000590939074
:10D87900A393A126E98789FE9093855C5C905D2737
:10D889001289FEBF00855C5C515A926F005A2AFAD0
:10D899005120E387721203B3721F03B2721503B3E7
:10D8A900721D03B2721903B272135005350003BC1D
:10D8B90087BF00905F200C1C0001A3006E25F87241
:10D8C900A9000190B30024035F20EF87555204009B
:10D8D9000072035203FBC752049D72015203FB55A8
:10D8E90052040000B600878A84A4BF88868D00C2CE
:10D8F900418D00C2468D00CDE18D00C2818D00C2EF
:10D9090076808A84A4BF88868D00C2418D00C24674
:10D919008D00C80F8D00C2818D00C276808A84A4D3
:10D92900BF88868D00C2418D00C2468D00CB928D85
:10D9390000C2818D00C27680C700108D00DA70AEFA
:10D9490002DBBF0090AE00105F5C8D00CE62AC00C0
:10D95900DA707212500C7212500D7212500E72104F
:10D96900500C7210500D7210500E877215500C72B7
:10D9790014500D7215500E7217500C7216500D720C
:10D9890017500E87B700B600A40FB700B600A10A5A
:10D999002405B600AA3087B600AB37874D26057235
:10D9A90013505487721750548792BC00018792BD57
:10D9B900000187AE07FF948D00DA8F5D27048D0083
:10D9C900D8618D00C341AC00DA8B8D00C1FA5202D7
:10D9D900BF08BE081F01965CA6018D00DAB220F2CD
:10D9E9004D26093556505335AE50538735AE5053F1
:10D9F90035565053873F004FB7002006B600AB019C
:10DA0900B700B600A11125F487B7013F0020079D93
:10DA1900B600AB01B700B600B10125F38735005058
:10DA2900503500505172175054721350548735CCE9
:10DA390050E0355550E0350350E135AA50E08735BF
:10DA49000652E835F952E9721052E0721052E48731
:10DA590088F6B705E601B706E602B7078487AE027E
:10DA6900CCBF025FBF0087720E5203FB8744444E4E
:10DA7900A40F8789858D00D9D335AA50E087AC00DA
:10DA8900DA92AC00DA7C5F5C879D20FD878080801C
:10DA9900808080808080808080808080808080807D
:0ADAA9008080808080808080878765
:040000050000D9BC62
=======
:109C0900018D00D253C601494D2628AE911535184C
:109C19000002351800013F00A6288D00CB5EAE91E9
:109C29005D35180002351800013F00A6418D00CBB3
:109C39005E2026AE91A535180002351800013F00B7
:109C4900A6288D00CB5EAE91ED35180002351800BF
:109C5900013F00A6418D00CB5EAE8FAD35180002E5
:109C6900350C000135200000A6048D00CB5EAE8FB7
:109C7900D135180002350C000135200000A6108DE1
:109C890000CB5EAE901935180002350C0001352065
:109C99000000A6288D00CB5EAE903D351800023538
:109CA9000C000135200000A6348D00CB5EAE90611A
:109CB90035180002350C000135200000A6408D0042
:109CC900CB5EAE908535180002350C0001352000B9
:109CD90000A64C8D00CB5EAE90A935180002350C5C
:109CE900000135200000A6588D00CB5EAE90CD3521
:109CF900180002350C000135200000A6648D00CB48
:109D09005EAE90F135180002350C000135200000D7
:109D1900A6708D00CB5EA601C103C32703CC9DE0CD
:109D2900350003C3AE00C8CF036AA601C103AA2642
:109D39000A350003AAA6018D00D253A6018D00D2CF
:109D49009CCE039290AE00808D00D34C41B70B415D
:109D5900300BB60BA17F2504357F000B4F88905F30
:109D6900B60B9097AE000ABF00938D00D32E848D59
:109D790000BEF55FB60B97CF0368CE0368A30078E2
:109D89002508AE0078CF0368200ECE0368A3003DF6
:109D99002406AE003CCF036890CE036872A9FFC4C5
:109DA900AE000CBF00938D00D32E90AE003C659F92
:109DB900A10C2502A60C905F9097AE0047BF0093B7
:109DC9008D00D32E1C808035080002354700013FE5
:109DD90000A60C8D00CB5EA601C103AD2703CCA262
:109DE90025350003ADAE03508D00CE553F08205EEA
:109DF9008D00C1648D00B6E00000000A45070B8D97
:109E090000C1648D00B6E60000000A8D00C1B29061
:109E19005FB60B9097AE000EBF00938D00D32E1C3A
:109E29009235351000023507000135100000450054
:109E390003894508003000A60997B600429FAB4048
:109E4900854503008D00CB5EB608AB01B708B6089F
:109E5900A108259CA6018D00D2E5A601C1014126D4
:109E690067C603AB351000005F97B600629F8D008F
:109E7900D83B905F9097AE0005BF00938D00D32E1D
:109E89001C8BB33508000235050001450A004F8DCA
:109E990000CB5EC603AB351000005F97B600628D3C
:109EA90000D83B905F9097AE0005BF00938D00D31B
:109EB9002E1C8BB33508000235050001450A00A6A2
:109EC900068D00CB5ECCA024A602C101412703CC9C
:109ED900A024C6031F351000005F97B600629F8D4E
:109EE90000D83B905F9097AE0005BF00938D00D3DB
:109EF9002E1C8BB33508000235050001450A004FB9
:109F09008D00CB5EC6031F351000005F97B6006257
:109F19008D00D83B905F9097AE0005BF00938D00F0
:109F2900D32E1C8BB33508000235050001450A0004
:109F3900A6068D00CB5E3F08CCA01A5FB60897D65F
:109F49000320351000005F97B600629F8D00D83B53
:109F5900905F9097AE0005BF00938D00D32E1C8BA8
:109F6900B33508000235050001450A0089A60C979A
:109F7900B608429F88A60297B6084241B7044184B1
:109F8900BB04AB12858D00CB5E5FB60897D6032064
:109F9900351000005F97B600628D00D83B905F9046
:109FA90097AE0005BF00938D00D32E1C8BB33508E7
:109FB900000235050001450A0045000389A60297FC
:109FC900B608429F3506000097B600429F88A60250
:109FD90097B6084241B7044184BB04AB18854503D1
:109FE900008D00CB5EA603C103AC261FB608A102F3
:109FF9002619B60A88C60322905F9097AE000ABF59
:10A0090000938D00D32E848D00BEF5B608AB01B741
:10A0190008B608C103AC2403CC9F44AE03B9F6A12A
:10A02900022711A1042603CCA0B8A1082603CCA1BC
:10A0390033CCA1AEAE8C23351800023502000145A0
:10A0490009004F8D00CB5EAE8B33351800023510F9
:10A059000001450900A6028D00CB5EAE8B63351861
:10A06900000235100001450900A6128D00CB5EAE35
:10A079008B933518000235100001450900A6208D83
:10A0890000CB5EAE8BC335180002351000014509BF
:10A0990000A6328D00CB5EAE8BF335180002351069
:10A0A9000001450900A6428D00CB5EAC00C12CAE73
:10A0B9008C2335180002350200014509004F8D0037
:10A0C900CB5EAE8A733518000235100001450900D0
:10A0D900A6028D00CB5EAE8AA335180002351000AA
:10A0E90001450900A6128D00CB5EAE8AD335180052
:10A0F9000235100001450900A6208D00CB5EAE8B0C
:10A10900033518000235100001450900A6328D00FB
:10A11900CB5EAE8C233518000235100001450900CD
:10A12900A6428D00CB5EAC00C12CAE8C2335180045
:10A1390002350200014509004F8D00CB5EAE89B39F
:10A149003518000235100001450900A6028D00CB23
:10A159005EAE89E33518000235100001450900A6F5
:10A16900128D00CB5EAE8A1335180002351000013E
:10A17900450900A6228D00CB5EAE8A433518000240
:10A1890035100001450900A6328D00CB5EAE8C2347
:10A199003518000235100001450900A6428D00CB93
:10A1A9005EAC00C12CAE8C233518000235020001CB
:10A1B9004509004F8D00CB5EAE8C23351800023562
:10A1C900100001450900A6028D00CB5EAE8C233537
:10A1D90018000235100001450900A6128D00CB5E5A
:10A1E900AE8C233518000235100001450900A6225E
:10A1F9008D00CB5EAE8C2335180002351000014569
:10A209000900A6328D00CB5EAE8C233518000235CD
:10A21900100001450900A6428D00CB5EAC00C12C9F
:10A22900C603B8CE03725D2603CCA5CA72125005C7
:10A239004A2603CCA3624A2603CCA3D24A2603CCDE
:10A24900A5934A2603CCA409A0022603CCA4CEA038
:10A25900022603CCA4404A2603CCA55C4A2603CC9B
:10A26900A525A0022603CCA477A0082707A02C27A0
:10A279004DCCA6DF7212500535FA03B7C603B38D6C
:10A2890000D924A401C7039CC603B34EA40F44A458
:10A2990001C7039ECE0372A30DDE2503CCA6DFC63C
:10A2A90003B34EA40F44A401C7039EC603B34EA42F
:10A2B9000F44A401C7039E8D00C8C5CCA6DFC60301
:10A2C900B144A401A1002703CCA6DFCE038C5D27EE
:10A2D90003CCA6DF72125005350003B7C603B38D50
:10A2E90000D924A401C7039CC603B38D00D924A4B3
:10A2F90001C7039ECE0372A307D1251BC603B34E24
:10A30900A40F44A401C7039EC603B38D00D924A496
:10A3190001C7039ECCA6DFCE0372A303E9251BC6A2
:10A3290003B38D00D924A401C7039EC603B38D00CE
:10A33900D924A401C7039ECCA6DF721803B1C603B2
:10A34900B38D00D924A401C7039EC603B34EA40F3D
:10A3590044A401C7039ECCA6DF72125005C6039D13
:10A369004D2633C603B38D00D924A401C7039EC665
:10A3790003B38D00D924A401C7039CC603B34EA41B
:10A389000F44A401C7039EC603B34EA40F44A401FE
:10A39900C7039ECCA6DFC603B38D00D924A401C789
:10A3A900039EC603B38D00D924A401C7039EC60327
:10A3B900B38D00D924A401C7039EC603B34EA40FCD
:10A3C90044A401C7039CCCA6DF72125005C603B38F
:10A3D9008D00D924A401C7039EC603B38D00D924D7
:10A3E900A401C7039EC603B38D00D924A401C703E2
:10A3F9009CC603B34EA40F44A401C7039ECCA6DF99
:10A4090072125005C603B38D00D924A401C7039E57
:10A41900C603B38D00D924A401C7039EC603B38D17
:10A4290000D924A401C7039CC603B34EA40F44A4B6
:10A4390001C7039ECCA6DF72125005C603B38D0077
:10A44900D924A401C7039EC603B38D00D924A4014E
:10A45900C7039EC603B38D00D924A401C7039CC6B4
:10A4690003B34EA40F44A401C7039ECCA6DF721206
:10A47900500535FA03B7C603B38D00D924A401C723
:10A48900039EC603B38D00D924A401C7039CC60348
:10A49900B34EA40F44A401C7039EC603B14444A408
:10A4A90001A1002608721403B1351903BDC603BD05
:10A4B9004D2703CCA6DFC603B34EA40F44A401C79E
:10A4C900039ECCA6DF7212500535FA03B7C603B353
:10A4D9008D00D924A401C7039EC603B38D00D924D6
:10A4E900A401C7039CC603B34EA40F44A401C70328
:10A4F9009EC603B14444A401A1002608721403B105
:10A50900351903BDC603BD4D2703CCA6DFC603B36A
:10A519004EA40F44A401C7039ECCA6DF72125005B6
:10A52900C603B38D00D924A401C7039EC603B38D06
:10A5390000D924A401C7039CC603B34EA40F44A4A5
:10A5490001C7039EC603B34EA40F44A401C7039ECB
:10A55900CCA6DF72125005C603B38D00D924A4011D
:10A56900C7039EC603B38D00D924A401C7039EC6A1
:10A5790003B34EA40F44A401C7039EC603B34EA45C
:10A589000F44A401C7039CCCA6DF72125005C60371
:10A59900B38D00D924A401C7039EC603B38D00D986
:10A5A90024A401C7039EC603B34EA40F44A401C744
:10A5B900039EC603B34EA40F44A401C7039CCCA6B3
:10A5C900DFC603B144A401A1002714CE03785D2698
:10A5D9000E721303B1AE010ECF037A72125005CE7B
:10A5E900037A5D275ECE037AA300B5251AC603B3A5
:10A5F9004EA40F44A401C7039EC603B38D00D924FA
:10A60900A401C7039E204CCE037AA3005B251AC67A
:10A6190003B38D00D924A401C7039EC603B38D00DB
:10A62900D924A401C7039E202AC603B38D00D924C7
:10A63900A401C7039EC603B34EA40F44A401C703D4
:10A649009E2010721B03B1C603B38D00D924A40147
:10A65900C7039E721F03B1721103B3C603B24EA49E
:10A669000FA401A1002623C603B28D00D924A40199
:10A67900A1002616CE037A5D2610CE03885D270633
:10A6890072125005200472135005C603B38D00D908
:10A6990024A401C7039EC603B38D00D924A401C70E
:10A6A900039CC603B14EA40FA401A100270C721F7D
:10A6B90003B1721203B1721903B1C603B74D26165D
:10A6C900CE037A5D2610C603B38D00D924A401C731
:10A6D900039E721503B1CE03745D2604721D03B186
:10A6E90087C603B544A401A1002603CCA8FBC60371
:10A6F900A24D2703CCA8FBA601C103C82630AE0191
:10A709006A8D00CE23BE00A319942605BE02A3B00C
:10A71900D82603CCA7C9AE016A8D00CE23BE00A3FB
:10A7290019952605BE02A312802603CCA7C9A60146
:10A73900C103C82715A601C103B0270EA601C1038D
:10A74900AF2707A601C103AE2621C603B54EA40F44
:10A75900A401A1002615AE016A8D00CE23BE00A377
:10A7690019652605BE02A363782755A602C103C849
:10A779002718A601C103B02711A601C103AF270AF3
:10A78900A601C103AE2703CCA8FBC603B54EA40F8F
:10A79900A401A1002603CCA8FB90AE93A5AE016A43
:10A7A9008D00CE23938D00B7A2271590AE93A9AE45
:10A7B900016A8D00CE23938D00B7A22703CCA8FB95
:10A7C900721303B5C603B54EA40FA401A100260355
:10A7D900CCA87AA601C103B0262D350203B03502F3
:10A7E90003C8AE00D0CF0360AE896ACF0362A6E08A
:10A7F900C40343AA01C70343A61FC40343C70343B2
:10A8090035080344CCA8E7A601C103AF262D3502BC
:10A8190003AF350203C8AE00D0CF0360AE896ACF5B
:10A829000362A6E0C40343AA01C70343A61FC403E6
:10A8390043C7034335040344CCA8E7A601C103AECB
:10A849002703CCA8E7350203AE350203C8AE00D012
:10A85900CF0360AE896ACF0362A6E0C40343AA01AD
:10A86900C70343A61FC40343C70343350203442058
:10A879006DC603B54EA40FA401A1002661A601C1AE
:10A8890003B0261A350203B0350103C8AE00D0CF94
:10A899000360AE896ACF0362350803C02040A60170
:10A8A900C103AF261A350203AF350103C8AE00D084
:10A8B900CF0360AE896ACF0362350403C0201FA6A7
:10A8C90001C103AE2618350203AE350103C8AE0037
:10A8D900D0CF0360AE896ACF0362350203C072101C
:10A8E90003B5721503B2350003A4350103A535007C
:10A8F90003A6720003B504AC00AA6AA601C103A5A8
:10A909002604350203A5A602C103A52703CCAA6A1A
:10A91900A601C103C82703CCA9CDC603A44D262689
:10A9290072145005AE014EC603C089AE03608D0096
:10A93900CE23858D0095D58D00C2DE350A03C1353C
:10A949000103A4CCAA6AA601C103A4262BC65010F0
:10A959004EA40FA401A100261FC603C14D26198DBF
:10A9690000C2DE350A03C1A6328D00D8C08D00D9D8
:10A9790030350203A4CCAA6AA602C103A42703CCDA
:10A98900AA6AC650104EA40FA401A1002703CCAA9D
:10A999006AC603C14D2703CCAA6A8D00C2DE350AF7
:10A9A90003C1A6328D00D8C08D00D930350303A468
:10A9B900721403B5721103B55F5CCF03967215501B
:10A9C90005CCAA6AA602C103C82703CCAA6AC60392
:10A9D900A44D262F72145005AE0343BF00A6098D5E
:10A9E90000D652AE014E89AE03608D00CE23858D0F
:10A9F9000097925B098D00C2DE350203C135010360
:10AA0900A4205EAE03A4F6A1042424C650104EA4CB
:10AA19000FA401A1002618C603C14D26128D00C23C
:10AA2900DE350203C1A601CB03A4C703A42032A6C5
:10AA390004C103A4262BC650104EA40FA401A100E3
:10AA4900261FC603C14D2619A601CB03A4C703A41B
:10AA5900721403B5721103B55F5CCF03967215507A
:10AA690005C603B54444A401A1002716CE03965D8B
:10AA79002610721503B55FCF0376721403B28D00E9
:10AA8900D085878D00C07852163F093F08A603C1BB
:10AA990003CA2603CCAD9DA601C103BB2703CCADD8
:10AAA9009D350003BBA601C101412703CCABA3AE71
:10AAB90003649093AE03548D00CE23938D00B7A207
:10AAC9002634AE03CCF6C103B8262BAE03649093AB
:10AAD900AE03548D00CE23938D00B7A22703CCADCE
:10AAE9009DAE03CCF6C103B82703CCAD9DCE03942C
:10AAF9005D2703CCAD9DAE03548D00CE23AE03502C
:10AB09008D00CE6B5503B803AB350103ADA6AB6B16
:10AB1900054F6B06A6816B07A6066B08AE03548D1D
:10AB290000CE23AE00018D00CE617B046B097B0949
:10AB39005F9772BB0008BF087B036B0A7B0A5F97AC
:10AB490072BB0008BF087B026B0B7B0B5F9772BB64
:10AB59000008BF08C603B86B0C7B0C5F9772BB007B
:10AB690008BF0890AE0100BE0865909F6B0DB6083E
:10AB79006B0E90AE000A961C00058D00D95FAE03DE
:10AB8900548D00CE23AE03648D00CE6B5503B803FC
:10AB9900CCAE02D0CF0394CCAD9DA602C101412712
:10ABA90003CCAD9DAE03649093AE03548D00CE23C8
:10ABB900938D00B7A22703CCAC43AE033AF6C10389
:10ABC900282677CE0329C3033B266FCE032BC30365
:10ABD9003D2667CE032DC3033F265FCE032FC30354
:10ABE900412657AE03649093AE03548D00CE239350
:10ABF9008D00B7A22703CCAD9DAE033AF6C1032859
:10AC09002703CCAD9DCE0329C3033B2703CCAD9DC0
:10AC1900CE032BC3033D2703CCAD9DCE032DC30328
:10AC29003F2703CCAD9DCE032FC303412703CCADF2
:10AC39009DCE03945D2703CCAD9DAE03548D00CE0C
:10AC490023AE03508D00CE6B350103ADA6AB6B056A
:10AC59004F6B06A6816B07A61FC40328A101260610
:10AC690035030004200435080004B604C703ACB654
:10AC790004AB066B08AE03548D00CE23AE00018DE4
:10AC890000CE617B046B097B095F9772BB0008BF2B
:10AC9900087B036B0A7B0A5F9772BB0008BF087BBE
:10ACA900026B0B7B0B5F9772BB0008BF08C60328BA
:10ACB9006B0C7B0C5F9772BB0008BF087B0CC7034A
:10ACC9001F3F012069B601A4015F971C03299093D6
:10ACD900A6025F01B60102629F5F9758BF02937295
:10ACE900BB0002F6B7003F02450103961C0005723E
:10ACF900BB00021C0008B600F73F00961C00057255
:10AD0900BB00001C0008F65F9772BB0008BF083F34
:10AD190000961C000572BB00001C0008F6B7005F16
:10AD2900B60197B600D70320B601AB01B701B6014A
:10AD3900B10425913F00961C000572BB00001C0060
:10AD490008BF0290AE0100BE0865909F92C7023FFE
:10AD590000961C000572BB00001C0009B608F7909C
:10AD69005FB604909772A9000A961C00058D00D958
:10AD79005FAE03548D00CE23AE03648D00CE6B907D
:10AD8900AE0328AE033A89A6098D00D64585AE01E2
:10AD99002CCF03945B16AC00C13E52043F053F041F
:10ADA9003F03AE03C8F64A27204A271DA00E2603F3
:10ADB900CCAF1C4A2603CCAFBAA04F2603CCAFDEDA
:10ADC9004A2603CCAFF5CCAFF93F0320155FB60394
:10ADD90097D601FF5F9772BB0004BF04B603AB01AE
:10ADE900B703C601FE5F971CFFFE905FB6039097FD
:10ADF900BF0090B3002FD65FB60397D60200905FCD
:10AE09009097AE0100BF00938D00D32EBF005FB6AF
:10AE19000397D601FF5F9772BB0000BF00BE04B362
:10AE2900002703CCAF154F6B01C602016B02C602A6
:10AE3900006B03C601FF6B048D00CE0901AE0360F0
:10AE49008D00CE6BA601C103C8260855020203C0B6
:10AE5900CCAEE2A602C103C8267F55020203433FD6
:10AE690003202CB603A4015F971C03449093A60208
:10AE79005F01B60302629F5F9758BF0072B9000075
:10AE89005FB60397D6020390F7B603AB01B703C6C3
:10AE990001FE5F971CFFFA905FB6039097BF009081
:10AEA900B3002FBFA6FACB01FEB7032026B603A431
:10AEB900015F971C03449093A6025F01B6030262E7
:10AEC9009F5F9758BF009372BB00004FF7B603AB63
:10AED90001B703B603A10825D4721203B535AB0235
:10AEE900A95503C702AA358002AB350502AC550145
:10AEF900FF02AD55020002AE55020102AF35000254
:10AF0900B0350002B1350903CBCCAFF9350003CA1E
:10AF1900CCAFF9AE01FFF6A121240AC601FF5F9764
:10AF2900CF037C20045FCF037C3F03205E4F6B017E
:10AF39003F02AE0003BF00BE028D00D32E1C0202E9
:10AF4900F66B023F02AE0003BF00BE028D00D32E96
:10AF59001C0201F66B033F02AE0003BF00BE028D67
:10AF690000D32E1C0200F66B043F02AE0004BF00A2
:10AF7900BE028D00D32E1C017B90938D00CE2F0134
:10AF8900938D00CE79B603AB01B703B603C101FFB8
:10AF9900259B35AB02A95503C702AA359002AB35EB
:10AFA9000202AC350002AD350002AE350603CB20F6
:10AFB9003FA601C101FE2617C601FF4D26067217DD
:10AFC90003B5200BA601C101FF2604721603B5358E
:10AFD9000003CA201B35AB02A95503C702AA35E0F5
:10AFE90002AB350002AC350403CB20048D00D4AA92
:10AFF900350001FB350001FC350001FD350001FE7E
:10B009005B0487720003B204AC00B231721103B25F
:10B01900A601C1014126074F8D00B820200DA602C7
:10B02900C101412606A6028D00B820C603B244A478
:10B0390001A1002603CCB2318D00C758C603B24E18
:10B04900A40FA401A100260DC603B28D00D924A422
:10B0590001A100273D720F03B204AC00B231A64032
:10B06900C103B92603CCB231AE03548D00CE23BE41
:10B0790000A300002605BE02A300002603CCB231BE
:10B08900721E03B2AE03548D00CE23AE0358AC003A
:10B09900CE6BC603B5444444A401A1002769A601A7
:10B0A900C101412662A640C103B92750AE03548DA0
:10B0B90000CE23BE00A300002605BE02A300002780
:10B0C9003B350103BB5503B903B8C603B244444435
:10B0D900A401A1002626CE037C5CCF037C90CE037D
:10B0E9007CAE0004BF00938D00D32E1C0177909392
:10B0F900AE03548D00CE23938D00CE6B721703B22D
:10B10900AE03E8CF037287C603B2444444A401A145
:10B11900002618AE03548D00CE23BE00A300FF26DF
:10B1290005BE02A3FFFE2703CCB231721703B2AEEC
:10B1390003548D00CE23BE00A300FF2605BE02A343
:10B14900FFFE26055503B903B8AE03078D00CE23CC
:10B15900BE0202A4FF02A4FF02A35556267BA60144
:10B16900C101412674AE0018CF013FA6018D00B878
:10B1790020C603B244A401A1002603CCB2318D003C
:10B18900C758A6FFC103B92632C603B2444444A432
:10B1990001A1002705721703B287CE037CA3010022
:10B1A9002503CCB2318D00CFD4AE03548D00CE230C
:10B1B900AE03588D00CE6BAC00BD62C603B84D26F8
:10B1C90067C603B2444444A401A100275B72170374
:10B1D900B28D00CFD4AC00B441350103BBA601C187
:10B1E90001412606AE000CCF013F721303B15FCFB8
:10B1F900037A721903B1C603B14EA40F44A401A185
:10B20900002706AE5FA0CF038CAE03E8CF0372A67A
:10B2190001C101412608AE02BCCF03742006AE016C
:10B22900F4CF0374721C03B187720E03B304AC002C
:10B23900B440721F03B3C603BA4D2708A6FFCB0358
:10B24900BAC703BACE03785D2707CE03785ACF036E
:10B2590078CE037A5D2707CE037A5ACF037AC603DD
:10B26900BD4D2708A6FFCB03BDC703BDCE03885D2F
:10B279002707CE03885ACF0388CE038A5D2707CED6
:10B28900038A5ACF038ACE038C5D2707CE038C5AD3
:10B29900CF038CCE038E5D2707CE038E5ACF038E44
:10B2A900CE03905D2707CE03905ACF0390CE03803B
:10B2B9005D2707CE03805ACF0380CE036A5D270935
:10B2C900CE036A5ACF036A2021C603B24EA40FA443
:10B2D90001A1002615C603B28D00D924A401A1003D
:10B2E90026085FCF0382350003BCCE0382A3000486
:10B2F9002510AE03BCF6A10A2408A601CB03BCC7DE
:10B3090003BCC603B344A401A1002708721303B305
:10B31900350003BC5FCF0382CE0382A300FA251850
:10B329005FCF0382721803B2721A03B2AE1504CF4B
:10B339000384AE01F4CF038AC603B24EA40FA4015D
:10B34900A1002610C603B28D00D924A401A10026AC
:10B3590003CCB440CE03865CCF0386CE0386A3001C
:10B369002E25255FCF0386CE03885D2706721250EE
:10B37900052015C6500544A801A401B700C650050B
:10B3890044A8014490135005720E03B204AC00B4F2
:10B399002EC603B34444A401A1002703CCB42E72E2
:10B3A9001F03B2C603B2444444A401A10027067294
:10B3B9001703B220708D00CFD4AE1504CF0384C615
:10B3C90003B28D00D924A401A100271BAE03588D17
:10B3D90000CE23BE00A300FF2605BE02A3FFFE2761
:10B3E900068D00BD62203EC603B24EA40FA401A182
:10B3F900002732C603B24EA40F44A401A100270CB2
:10B40900721B03B25FCF037C8D00CC7CAE03588DD9
:10B4190000CE23BE00A300FF2605BE02A3FFFE2720
:10B42900048D00BD62CE03845D2708CE03845ACF04
:10B439000384878D00D74B878D00C0C98D00C082DA
:10B44900520B90AE93B3961C000189A6038D00D6CA
:10B459004585CE037C5ACF037CCE037C90AE010098
:10B4690065909F6B01CE037C9E6B02A6018D00D86F
:10B47900977B02AE13FEBF025FBF008D00D8657BCC
:10B4890001AE13FFBF025FBF008D00D865A6018D15
:10B4990000D8533F093F08200B8D00D930BE081C46
:10B4A9000001BF08BE08A301042465AE0003BF0064
:10B4B900BE088D00D32E909372A9100090BF023F51
:10B4C900013F008D00D8606B011C0001909372A9A7
:10B4D900100090BF023F013F008D00D8606B021C35
:10B4E90000011C1000BF025FBF008D00D8606B0314
:10B4F9004F6B087B016B097B026B0A7B036B0BAEFD
:10B50900035490938D00CE0908938D00B7A2268924
:10B519004F6B014F6B024F6B03AE0003BF00BE08B8
:10B529008D00D32E9093A6018D00D8977B01931C93
:10B539001000BF025FBF008D00D86572A900017BB2
:10B5490002931C1000BF025FBF008D00D86572A96D
:10B5590000017B03931C1000BF025FBF008D00D860
:10B5690065A6018D00D853CE037CBF0A3F0D3F0C61
:10B579003F093F08200B8D00D930BE081C0001BFD0
:10B5890008BE08B30A2503CCB641AE0003BF00BE0E
:10B59900088D00D32E909372A9100090BF023F012D
:10B5A9003F008D00D8606B011C0001909372A910B7
:10B5B9000090BF023F013F008D00D8606B021C0064
:10B5C900011C1000BF025FBF008D00D8606B034FE4
:10B5D9006B047B016B057B026B067B036B078D009C
:10B5E900CE0904BE00A300002605BE02A300002761
:10B5F900138D00CE0904BE00A300FF2605BE02A3D9
:10B60900FFFF2609BE0A1C0001BF0A2021AE000463
:10B61900BF00BE0C8D00D32E1C017B90938D00CEF4
:10B629000904938D00CE6BBE0C1C0001BF0CBE0A31
:10B63900A301052403CCB57F5B0BAC00C135AE007B
:10B6490004B603EB03B703B602E902B702B601E990
:10B6590001B701B600F9B70087B600BE06429FB729
:10B6690000B601BE05429FBB00B700B602BE044248
:10B679009FBB00B700B603BE03429FBB00B700B62D
:10B6890001BE06423F0172BB0000BF00B602BE0503
:10B699004272BB0000BF00B603BE044272BB000089
:10B6A900BF00B602BE06423F0272BB0001BF0124C1
:10B6B900023C00B603BE054272BB0001BF01240271
:10B6C9003C00B603BE06423F0372BB0002BF022420
:10B6D90005BE005CBF00878D00D5CC20048D00D548
:10B6E900CCBE00261E90BE04260CBE0290BE066586
:10B6F900BF0290BF0687BF04450206450307BF0086
:10B70900BF0287A6203D00260DBE01BF00450302EA
:10B719003F033A03A0085F905F992017905959B3E6
:10B7290004260390B306250B72B2000624015A724F
:10B73900B0000439033902390139004A2ADEBF044D
:10B7490090BF06BE0053BF00BE0253BF02874B0025
:10B759004B003D002A0BAE00008D00B79203010398
:10B76900023D042A09AE00048D00B79203018D0041
:10B77900B6EA844D2707AE00008D00B792844D27A5
:10B7890007AE00048D00B7928760034FE202E7021B
:10B799004FE201E7014FF2F787908990BE00F32647
:10B7A9000590BE02E302908587BE00B3042604BE5D
:10B7B90002B30687AE0004B600F4B700B601E4018F
:10B7C900B701B602E402B702B603E403B70387AED2
:10B7D9000004B600FAB700B601EA01B701B602EAF9
:10B7E90002B702B603EA03B70387AE00004D270A82
:10B7F900680369026901794A26F687AE00004D2778
:10B809000A746601660266034A26F687BF025F3D2F
:10B81900022A0153BF00878D00C0C9520EB7063DE9
:10B82900062706B606A101260635030007200AB633
:10B8390006A1022604350700073F052038935890D2
:10B8490093B603A401A100270472A90001A6028DE1
:10B8590000B804B604AB01B704B604A11025DE5F35
:10B86900B6059758BF00961C000172BB0000FFB6D1
:10B8790005AB01B705B605B10724403D062706B655
:10B8890006A10226163F04AE0004BF00BE048D00C7
:10B89900D32E1C03038D00CE2320143F04AE0004D5
:10B8A900BF00BE048D00D32E1C030F8D00CE239044
:10B8B9005FA6018D00B8043F04209E3D062706B609
:10B8C90006A10126681E0372FB0113052658721290
:10B8D90003B27210014A1E01BF0A5FBF081E0302AC
:10B8E900A40002A4FF02BF025FBF005FBF065CBFE6
:10B8F900048D00B6628D00C17E8D00B647AE03543B
:10B909008D00CE6BAE03548D00CE23BE00A3000084
:10B919002605BE02A300002604721303B21E039E6D
:10B92900C703B9CCB9E9721303B2CCB9E9B606A118
:10B93900022703CCB9E91E0372FB0172FB0572FBF6
:10B949000772FB0972FB0B130D2703CCB9E57212C1
:10B9590003B27210014A1E01BF0A5FBF081E03022B
:10B96900A40002A4FF02BF025FBF005FBF065CBF65
:10B97900048D00B6628D00C17E8D00B647AE0354BA
:10B989008D00CE6BAE03548D00CE23BE00A3000004
:10B999002605BE02A300002604721303B21E039EED
:10B9A900C703313F05B605A1042435905FB605905C
:10B9B900979058961C000190BF0072BB00001C00B4
:10B9C90004FE905FB6059097905872A9033290FFD4
:10B9D90072A20332B605AB01B70520C9721303B2CF
:10B9E9005B0EAC00C1308D00C0C98D00C0CE898D01
:10B9F90000C0BF8D00C0C4885204AE00001F01AE54
:10BA090000001F031E0372FB0E5CF65F97BF025F07
:10BA1900BF00A6088D00B7F38D00C1711E0372FB2C
:10BA29000EF65F97BF025FBF00A6108D00B7F38DBA
:10BA390000B7D81E0372FB0E5C5CF65F97BF065F0A
:10BA4900BF048D00B7D88D00C198BE08A300012698
:10BA590005BE0AA3000025044FCCBBB51E0372FB2B
:10BA69000E1C0005F65F97BF025FBF00A6108D0090
:10BA7900B7F38D00C1711E0372FB0E1C0004F65F43
:10BA890097BF025FBF00A6188D00B7F38D00B7D826
:10BA99008D00C1711E0372FB0E1C0006F65F97BF75
:10BAA900025FBF00A6088D00B7F38D00C1B28D00FB
:10BAB900C14A8D00C18B8D00B7D81E0372FB0E1CC5
:10BAC9000007F65F97BF065FBF048D00B7D88D00EA
:10BAD900C1B28D00CE2F068D00C1648D00B7B2278B
:10BAE90003CCBB8C353800107B055F97BF025FBF65
:10BAF900008D00C18B8D00B647B600C700117B05CC
:10BB09005F97BF025FBF008D00C18B8D00B647B63E
:10BB190001C700127B053F00B701BE0E72BB0000D2
:10BB29009EC70013B60F1B05C700143F017B1BB747
:10BB390008202A1E0372FB0E7B053F02B70372BB66
:10BB490000023F0072BB00001C0008F6B7005FB698
:10BB59000197B600D70015B601AB01B701B601B11F
:10BB69000825D08D00D91EAE02DBBF0090AE0010B3
:10BB79005FB608971C00058D00CD888D00D91EA6DB
:10BB89000120298D00CE2F018D00C1578D00B647A8
:10BB9900AE00018D00CE618D00CE2F0A8D00CE0939
:10BBA900018D00B7B22403CCBA0DA6015B0FAC001E
:10BBB900C12CC603B5444444A401A100273FAE19D2
:10BBC90065CF016AAE6378CF016CAE0005CF016E17
:10BBD900AE005ACF0170AE6400CF0172AE000CCF37
:10BBE9000174AE0000CF0176AE100CCF017835019B
:10BBF90001413501017AAE841BCF014C87AE017A30
:10BC0900F64A27164A27524A2603CCBCA14A2603DC
:10BC1900CCBCE24A2603CCBD2387AE1994CF016A76
:10BC2900AEB0D8CF016CAE0005CF016EAE005BCFD0
:10BC39000170AE6400CF0172AE000CCF0174AE008A
:10BC490000CF0176AE100CCF0178350101413502E4
:10BC5900017AAE841BCF014C87AE1995CF016AAE2C
:10BC69001280CF016CAE0005CF016EAE005BCF0133
:10BC790070AE6400CF0172AE000CCF0174AE00004B
:10BC8900CF0176AE100CCF017835010141350301A2
:10BC99007AAE841BCF014C87AE93A58D00CE23AE1F
:10BCA900016A8D00CE6BAE0005CF016EAE005BCF91
:10BCB9000170AE6400CF0172AE0030CF0174AE00E6
:10BCC90000CF0176AE100ECF01783502014135045F
:10BCD900017AAE86E7CF014C87AE93A98D00CE23BA
:10BCE900AE016A8D00CE6BAE0005CF016EAE005B72
:10BCF900CF0170AE6400CF0172AE0030CF0174AED7
:10BD09000000CF0176AE100ECF0178350201413522
:10BD190005017AAE86E7CF014C87AE1965CF016A76
:10BD2900AE6378CF016CAE0005CF016EAE005ACF7D
:10BD39000170AE6400CF0172AE000CCF0174AE0089
:10BD490000CF0176AE100CCF0178350101413501E4
:10BD5900017AAE841BCF014C878D00C0C9520B906C
:10BD6900AE93B0961C000189A6038D00D64585CEF9
:10BD7900037C5CCF037CCE037C90AE010065909F71
:10BD89006B01CE037C9E6B02A6018D00D8977B02C6
:10BD9900AE13FEBF025FBF008D00D8657B01AE13F5
:10BDA900FFBF025FBF008D00D865A6018D00D85383
:10BDB900CE037C9093AE0004BF00938D00D32E1C5C
:10BDC90001779093AE03588D00CE23938D00CE6BEF
:10BDD900AE03588D00CE23AE00088D00CE613F0B17
:10BDE9003F0A200B8D00D930BE0A1C0001BF0ABED4
:10BDF9000AA301042503CCBE85AE0003BF00BE0A19
:10BE09008D00D32EBF08BE081C1000BF025FBF0003
:10BE19008D00D8606B01BE081C0001BF08BE081C5C
:10BE29001000BF025FBF008D00D8606B02BE081C06
:10BE39000001BF08BE081C1000BF025FBF008D00D3
:10BE4900D8606B034F6B047B016B057B026B067B30
:10BE5900036B078D00CE0904BE00A300002605BEB2
:10BE690002A3000027168D00CE0904BE00A300FF1F
:10BE79002605BE02A3FFFF2703CCBDED7B096B019D
:10BE89007B0A6B027B0B6B03BE081CFFFE9093A61B
:10BE9900018D00D8977B01931C1000BF025FBF0082
:10BEA9008D00D86572A900017B02931C1000BF02A6
:10BEB9005FBF008D00D86572A900017B03931C1038
:10BEC90000BF025FBF008D00D865A6018D00D85361
:10BED900CE037CA30100250E8D00D74B350003B896
:10BEE900AE006ECF038E5B0BAC00C1308D00C0C9B4
:10BEF9008D00C0825207BF08B70A90AE93B6961C50
:10BF0900000189A6038D00D6458590AE93A1961CA4
:10BF1900000489A6048D00D64585BE08A30515250C
:10BF290005AE0514BF08BE08C303682603CCC0725A
:10BF39003504000B20303F0CAE0005BF00BE0C8D50
:10BF490000D32E1C8CA33508000235050001450AD3
:10BF59000089A60697B60B429FAB56858D00CB5E2E
:10BF6900B60BABFFB70B3D0B2603CCC02490AE003C
:10BF79000ABE086561B70D6190AE000ABE0865BFCB
:10BF890008B60BA10126783D0D2633AE8C53350832
:10BF9900000235050001450A00A6568D00CB5EAEAC
:10BFA9008C943508000235050001450A0089A6066A
:10BFB90097B60B429FAB56858D00CB5E20A2AE8C07
:10BFC900943508000235050001450A00A6568D0082
:10BFD900CB5E3F0CAE0005BF00BE0C8D00D32E1CFE
:10BFE9008CA33508000235050001450A0089A6061B
:10BFF90097B60B429FAB56858D00CB5ECCBF69B619
:10C009000BA1042703CCBF3FB60DA1062403CCBF67
:10C0190069BE081C0001BF08CCBF693F0B203F3F28
:10C0290000450B01961C000172BB0000F6905F9061
:10C0390097AE0005BF00938D00D32E1C8BB3350836
:10C04900000235050001450A0089A60697B60B428C
:10C059009FAB6E858D00CB5EB60BAB01B70BB60BF4
:10C06900A10325BBBE08CF03685B07AC00C13588B7
:10C07900A608200A88A60A200588A60C2000887B25
:10C0890002887B02891E061F045F977B086B06FEE8
:10C099001F07858487891E06BF08200E891E06BFD3
:10C0A9000A2007891E06BF0C20001E041F061E0257
:10C0B9001F04855B028788A600200F88A604200A32
:10C0C90088A608200588A60C200088897B04887B1F
:10C0D90004891E081F045F977B0A6B061F09FE1F50
:10C0E900071E095C5CFE1F09858487891E06BF003F
:10C0F9001E08BF022021891E06BF041E08BF062094
:10C1090016891E06BF081E08BF0A200B891E06BF16
:10C119000C1E08BF0E20001E031F071E041F0885E2
:10C129005B04878D00C1158D00C10A878D00C0ACE5
:10C139008D00C10A878D00C09E8745000845010909
:10C14900874504004505014506024507038745085B
:10C1590000450901450A02450B0387450C00450DB9
:10C1690001450E02450F03874500044501054502B7
:10C179000645030787450804450905450A06450B91
:10C189000787450C04450D05450E06450F078745EC
:10C19900000845010945020A45030B87450408457E
:10C1A900050945060A45070B8745000C45010D455C
:10C1B900020E45030F879B8D00D6F08D00D9438D64
:10C1C90000D8E58D00D5A08D00D5468D00D8D48D39
:10C1D90000C3DE8D00D8F68D00D68E8D00D930AE25
:10C1E9001965CF016AAE6378CF016CAE0005CF0146
:10C1F9006EAE005ACF0170AE6400CF0172AE000C72
:10C20900CF0174AE0000CF0176AE100CCF01788D4E
:10C2190000D0858D00D8229A8D00D9308D00CBEFC2
:10C229008D00D3FB721703B5721403B2721303B5F1
:10C23900721103B5721D03B1350A03BA8D00D4AA70
:10C24900A601C45006B700C6500644901903B5C6E6
:10C2590003B54EA40FA401A1002606721603B5204A
:10C269000A721703B5200472165005C603B54EA409
:10C279000FA401B700A601C45006B100270220FE91
:10C289008D00D930CE038E5D26048D00A2298D0044
:10C29900B2328D00A6EAC603B24444A401A1002724
:10C2A900088D00C9728D0094AA8D00D3B98D00AA9A
:10C2B9008C8D009B63C603B18D00D924A401A10014
:10C2C90026A5C603B18D00D924A401A100269C721C
:10C2D900175005209652017213500A7210500A968F
:10C2E9001C00018D00D4E27B014EA40F44A401A1DE
:10C2F9000027ECA6818D00D7EF961C00018D00D494
:10C30900E27B0144A40FA10027EF8D00D8ACA682DF
:10C319008D00D7EF961C00018D00D4E27B0144A467
:10C329000FA10027EF8D00D8AC8D00D9154B18A6A9
:10C3390008AE04FCBF06AE2000BF04CE014C8D0040
:10C34900B9EF5B018D00D66A8D00D8AC8D00D91587
:10C359004B04A608AE02ECBF06AE2000BF04CE0116
:10C369004C8D00B9EF5B018D00D66A8D00D8ACA663
:10C3790001C103C8260F350C0000A606AE014E8D7B
:10C3890000D0D82014A602C103C8260D351C000010
:10C39900A606AE014E8D00D0D88D00D66A8D00D884
:10C3A900ACA6848D00D7EF8D00D66A8D00D8AC8DF0
:10C3B90000D1728D00D66A8D00D8ACA6828D00D7C7
:10C3C900EF961C00018D00D4E27B0144A40FA1006B
:10C3D90027EF5B01875F5CBF04CCC4D1AE0004BF0B
:10C3E90000BE048D00D32E1C03809093931C100073
:10C3F900BF025FBF008D00D860AE0004BF00BE045D
:10C409008D00D32ED70269931C1001BF025FBF00B4
:10C419008D00D860AE0004BF00BE048D00D32E1C71
:10C42900026AF7931C1002BF025FBF008D00D8603B
:10C43900AE0004BF00BE048D00D32E1C026BF7931F
:10C449001C1003BF025FBF008D00D860AE0004BF9F
:10C4590000BE048D00D32E1C026CF7AE0004BF0091
:10C46900BE048D00D32E1C02698D00CE23BE00A30D
:10C4790000002605BE02A300002720AE0004BF006D
:10C48900BE048D00D32E1C02698D00CE23BE00A3ED
:10C49900FFFF2605BE02A3FFFF2626AE0004BF004C
:10C4A900BE048D00D32E1C934D9093AE0004BF00A3
:10C4B900BE048D00D32E1C026989A6048D00D645C1
:10C4C90085BE041C0001BF04BE04A300022403CCE2
:10C4D900C3E5873F025FB60297A628D70010B602C8
:10C4E900AB01B7025FB60297A620D70010B602AB20
:10C4F90001B7025FB602974FD70010B602AB01B77A
:10C50900025FB60297A604D70010B602AB01B702C4
:10C519005FB60297A6F4D70010B602AB01B7025F67
:10C52900B60297A620D70010B602AB01B7025FB6D4
:10C5390002974FD70010B602AB01B7025FB6029758
:10C54900A60AD70010B602AB01B7025FB60297A6DA
:10C55900F0D70010B602AB01B7025FB60297A6206A
:10C56900D70010B602AB01B7025FB602974FD700EA
:10C5790010B602AB01B7025FB60297A60CD700103E
:10C58900B602AB01B7025FB60297A618D70010B67C
:10C5990002AB01B702AE02DBBF0090AE00105FB67E
:10C5A90002978D00CD885FBF02BF0087A6828D00EC
:10C5B900D7EF8D00D66A8D00D8ACA6818D00D7EF54
:10C5C9008D00D66A8D00D8AC8D00D915CE014C8D61
:10C5D90000C8128D00D66A8D00D8AC8D00D1728D3D
:10C5E90000D66A8D00D8ACA601C103A3263B5FBF64
:10C5F90006BF04AE41F8BF02AE4000BF008D00D3B4
:10C60900758D00D66A8D00D8ACAE0043BF06AE0664
:10C61900C0BF04AE0378BF02AE2000BF008D00D3B7
:10C62900758D00D66A8D00D8ACAE016A8D00CE49F1
:10C63900AE02ECBF02AE2000BF008D00D375AE0183
:10C649006E8D00CE49AE031CBF02AE2000BF008D27
:10C6590000D3758D00D66A8D00D8ACA6858D00D71C
:10C66900EF8D00D66A8D00D8ACA6818D00D7EF8DED
:10C6790000D66A8D00D8ACC650104EA40FA401A1F3
:10C689000026F487CE03725D2707CE03725ACF03C3
:10C6990072C603C44D2708A6FFCB03C4C703C4CE83
:10C6A90003745D2707CE03745ACF0374CE03765DF6
:10C6B9002707CE03765ACF0376CE03985D2707CE98
:10C6C90003985ACF0398C603B74D2708A6FFCB0393
:10C6D900B7C703B7C603B64D270AA6FFCB03B6C72C
:10C6E90003B62008350A03B6721E03B3CE039A5D5A
:10C6F9002707CE039A5ACF039AC6014B4D2708A69E
:10C70900FFCB014BC7014BCE03705D2707CE0370EA
:10C719005ACF0370CE03945D2707CE03945ACF03F3
:10C7290094CE03965D2707CE03965ACF0396C60388
:10C73900C14D2708A6FFCB03C1C703C1C603C24D1C
:10C749002708A6FFCB03C2C703C2721152E5878D22
:10C7590000C0783F093F082044A602C10141260FC5
:10C7690090AE0331AE032889A6098D00D64585C64A
:10C7790003B24EA40FA401A100271BC603B24EA405
:10C789000F44A401A100270ECE037CBF0872170332
:10C79900B25503B903B8BE081C0001BF08BE08C3DF
:10C7A900037C2437AE0004BF00BE088D00D32E1CC5
:10C7B900017B8D00CE23AE03548D00B7A226B0BEF7
:10C7C90008CF037ECE037CBF08721603B2A601C14F
:10C7D900014126855503B903B82094721603B2A600
:10C7E90001C1014126095503B903B8AC00C13EA6F0
:10C7F90002C10141260F90AE0331AE032889A60973
:10C809008D00D64585AC00C13E8D00C0C98D00C0E4
:10C81900CE898D00C0BF5FBF0EBF0CBE0E72FB0577
:10C829005CF65F97BF025FBF00A6088D00B7F38D66
:10C8390000C171BE0E72FB05F65F97BF025FBF00B4
:10C84900A6108D00B7F38D00B7D8BE0E72FB055C3C
:10C859005CF65F97BF065FBF048D00B7D88D00C136
:10C8690098BE08A300012605BE0AA3000025034FB0
:10C8790020448D00D91EAE02DBBF0090BE0E72F9B6
:10C889000572A90003BE0A1CFFFD8D00CD888D002D
:10C89900D91E8D00C1648D00C17E8D00B6478D0003
:10C8A900C1B28D00CE2F018D00C1648D00B7B224B5
:10C8B90003CCC824A6015B06AC00C12C8D00C0C9FD
:10C8C900720103B304AC00C96E721003B33F0B3F8E
:10C8D9000A2043C603B34EA40FA401A100260C727B
:10C8E9001803B3721703B3721B50F3A6FA8D00D85D
:10C8F900C0A6FA8D00D8C0A6FA8D00D8C08D00D97F
:10C9090030BE081C0001BF08BE08A3070825C4BE25
:10C919000A1C0001BF0ABE0AA3000324483F093FBD
:10C92900082035C603B3444444A401A100260C726F
:10C939001603B3721903B3721A50F3A6FA8D00D80D
:10C94900C0A6FA8D00D8C0A6FA8D00D8C08D00D92E
:10C9590030BE081C0001BF08BE08A3070825C43F54
:10C96900093F0820A3AC00C130CE03765D2703CC74
:10C97900CA19C603A24D2670C603B5444444A4018E
:10C98900A1002621C603B5444444A401A1002658A8
:10C99900AE016A8D00CE23BE00A319652605BE022D
:10C9A900A3637827434F5FBF045CBF06AE380CBF53
:10C9B90002AE4000BF008D00D1BEBE00A30000261C
:10C9C90005BE02A300002720350103A2A601C1016B
:10C9D900412607AE0052CF037687A602C101412640
:10C9E9002FAE0064CF0376878D00BBBB8D00D08549
:10C9F900A601C101412608AE0012CF0376200DA67B
:10CA090002C101412606AE0012CF0376350003A20A
:10CA190087B700AE03C5F64D27054A274C206F5549
:10CA290001FC01FB5501FD01FC5501FE01FDB600AC
:10CA3900C701FEA6ABC101FB265C350103CAA601ED
:10CA4900CB03C5C703C5350003C95501FC03C75549
:10CA590001FD03C85501FE03C6C603C64D2637A608
:10CA690001CB03C5C703C5202DC603C95F97B6000F
:10CA7900D701FFA601CB03C9C703C9AE03C9F6C1D4
:10CA890003C62512A601CB03C5C703C52008350077
:10CA990003C5350003CAA602C103C5261135000323
:10CAA900C5350003C9350203CA5F5CCF039A87C63F
:10CAB9005231AC00CA1A3B00088D00C171B7013F61
:10CAC900083F005FB60897A678D70010B608AB01F3
:10CAD900B7085FB60897B604D70010B608AB01B718
:10CAE900085FB60897B605D70010B608AB01B708B6
:10CAF9004506025FB60897B602D70010B608AB0123
:10CB0900B7085FB60897B607D70010B608AB01B7E4
:10CB1900084FB70020155FB60897A6FFD70010B6D3
:10CB290008AB01B708B600AB01B700B600B10125E3
:10CB3900E58D00D91EAE02DBBF0090AE00105FB6D6
:10CB490008978D00CD888D00D91EAE034C8D00CE7F
:10CB590023320008878D00C0783B000AB7054500DD
:10CB6900064501039093A6105F01B60502629FABCB
:10CB790010B709A6105F01B6050262B70A3F08207F
:10CB89002A90F68D00D47072A90001B607AB01B7DF
:10CB9900073F045FB6039772BB0004BF005FB60787
:10CBA90097B3002FDCB608AB01B708A6085F01B63A
:10CBB90002026241B70041B608B1002422A6085F0B
:10CBC90001B60602629FBB08ABB08D00D436B60928
:10CBD9008D00D436B60A8D00D43645050720B23209
:10CBE900000AAC00C13E7217500F7215500FAE000B
:10CBF900648D00D7687214500FAE00148D00D76889
:10CC0900A6E28D00D436AE00058D00D768A62C8D1E
:10CC190000D436AE00058D00D768A62E8D00D43617
:10CC2900AE00058D00D768A62F8D00D436AE00055D
:10CC39008D00D768A6248D00D436A6818D00D43600
:10CC4900A61A8D00D436A6A28D00D436A6C88D00AA
:10CC5900D436A6A08D00D436A6408D00D436A6AF12
:10CC69008D00D436A6018D00D2537216500F35FFB0
:10CC79000149878D00C078520390AE93AD961C0090
:10CC89000189A6038D00D645854F6B014F6B024F75
:10CC99006B033F093F082059AE0003BF00BE088D52
:10CCA90000D32E9093A6018D00D8977B01931C1079
:10CCB90000BF025FBF008D00D86572A900017B0229
:10CCC900931C1000BF025FBF008D00D86572A900D8
:10CCD900017B03931C1000BF025FBF008D00D86564
:10CCE900A6018D00D8538D00D930BE081C0001BFA4
:10CCF90008BE08A3010425A05B03AC00C13EAE0336
:10CD0900A7F64D27084A27364A2765206DC603A886
:10CD190048C703A8C6500B8D00D924A401A1002738
:10CD290008A601CB03A8C703A8A655C103A8264A8C
:10CD3900350103A7350003A9350003A8203CC650D7
:10CD49000B8D00D924A401C103A92707CE036E5C6A
:10CD5900CF036ECE036C5CCF036CA601C803A9C7D1
:10CD690003A9CE036CA303E82510350203A7200A03
:10CD7900CE036C5D2604350003A7721850A3878D76
:10CD890000C078BF0690BF048D00C14372195005D9
:10CD9900350003A0905F205B9372BB0004F68D0001
:10CDA900D783C7039FAE034C8D00CE23A6088D0001
:10CDB900B7F3AE034C8D00CE6BC6039F5F97BF02DE
:10CDC9005FBF00AE034C8D00B7DBAE034C8D00CEC8
:10CDD9006BC603A0352800005F97B600625F9772A3
:10CDE900BB0008C6039FF7A601CB03A0C703A07227
:10CDF900A9000190B30625A072185005AC00C13EE8
:10CE090084855C89885AB701BF0292BC00015F978B
:10CE19005C5C5CBF009672BB000089FEBF001E010E
:10CE2900EE02BF02858784855C89885AB705BF06EB
:10CE390092BC00055F975C5C5CBF049672BB000402
:10CE490089FEBF041E01EE02BF06858789FEBF0C5D
:10CE59001E01EE02BF0E858789961C000572FB0133
:10CE69005B02908990BE00FF90BE02EF0290858719
:10CE7900908990BE04FF90BE06EF0290858752010B
:10CE89007212500A7211500A961C00018D00D4E2E8
:10CE99007B014EA40F44A401A10027ECA6828D00BA
:10CEA900D7EF8D00D66A8D00D8AC8D00D172961C53
:10CEB90000018D00D4E28D00D8ACC650104EA40FED
:10CEC900A401A10026F4A6838D00D7EF961C0001CA
:10CED9008D00D4E27B0144A40FA10027EF961C002A
:10CEE900018D00D4E27B0144A40FA10126EF8D003E
:10CEF900D8AC5B0187721A5007721A5008721C501D
:10CF090007721C5008721F5007721E500872185081
:10CF1900C3721D5200721F5200A6C7C45200C752E5
:10CF290000721452007213520072115200721F5291
:10CF390001721B5201721552017212520172105282
:10CF490001721F5202721D5202721B520272195251
:10CF5900027213520272115202721C52007218505C
:10CF69000772185008721850098772155002721406
:10CF79005003721A03B3721D03B33501039E3501C1
:10CF8900039EC603B38D00D924A401C7039E3501AE
:10CF9900039E3501039EC603B38D00D924A401C79E
:10CFA900039E3501039E3501039EC603B38D00D947
:10CFB90024A401C7039E3501039C3501039CC603C4
:10CFC900B38D00D924A401C7039C878D00C0787252
:10CFD9001250053F093F082035C603B3444444A411
:10CFE90001A100260C721603B3721903B3721A5009
:10CFF900F3A6FA8D00D8C0A6FA8D00D8C0A6FA8D7E
:10D0090000D8C08D00D930BE081C0001BF08BE0879
:10D01900A3104025C4721703B3721B50F3AE00B9B5
:10D02900CF0388AC00C13EB7013F025FB60297B695
:10D0390001AA68D70010B602AB01B7023F0120155B
:10D049005FB60297A6FFD70010B602AB01B702B6CA
:10D0590001AB01B7015FB600971C0002905FB601F2
:10D069009097BF0490B3042FD7AE02DBBF0090AEF8
:10D0790000105FB602978D00CD884F878D00CEFED8
:10D089008D00D5747211500FA6328D00D8C08D0055
:10D09900D9307210500FA6828D00D7EF8D00D66A55
:10D0A900A6818D00D7EF8D00D66A8D00D9308D000D
:10D0B900C5B58D00D9308D00CE878D00D9308D0052
:10D0C900C4DC8D00D9307212500A7211500A87904F
:10D0D90093B7013F035FB60397B601AA20D70010A3
:10D0E900B603AB01B7033F0120195FB6039790F66A
:10D0F900D7001072A90001B603AB01B703B601ABA3
:10D1090001B701B601B10025E1AE02DBBF0090AE67
:10D1190000105FB603978D00CD884F877219500CA8
:10D129007219500D7218500EA6FCC450A1C750A117
:10D13900721250A1721D500C721C500D721D500EAE
:10D1490087721050117210501272105013721B50C6
:10D159000C721B500D721B500E721950117218501F
:10D169001272195013AC00D1253538001035400022
:10D179001135000012353800133508001435FF0049
:10D189001535FF001635FF001735FF001835FF006C
:10D199001935FF001A35FF001B35FF001C8D00D91A
:10D1A9001EAE02DBBF0090AE0010AE000D8D00CDAB
:10D1B90088AC00D91E8D00C0C98D00C0CE8852012F
:10D1C9008D00C1B28D00C1A5961C00018D00D4E26D
:10D1D9007B014EA40F44A401A10027ECA6068D00F3
:10D1E900C1648D00CABFAE034C8D00CE497B028D50
:10D1F90000C1578D00B7F38D00B7BD5B02AC00C10C
:10D209002C72165002721650037216500072185082
:10D21900027218500372195000721650117216508A
:10D22900127217500F721450117214501272155055
:10D239000F72125011721250127213500F721A504B
:10D2490002721A5003721B500087B70435B00003ED
:10D259002006B603AB01B703B603A1B92434B6035C
:10D269008D00D436A6108D00D4364F8D00D4363FAC
:10D2790002200CA6FF8D00D470B602AB01B702B62E
:10D2890002A18024CDB604A10126E84F8D00D470F7
:10D2990020E787B70435B000032006B603AB01B712
:10D2A90003B603A1B12434B6038D00D436A6108D7C
:10D2B90000D4364F8D00D4363F02200CA6FF8D00D6
:10D2C900D470B602AB01B702B602A18024CDB60470
:10D2D900A10126E84F8D00D47020E787B70435B740
:10D2E90000032006B603AB01B703B603A1B8243483
:10D2F900B6038D00D436A6108D00D4364F8D00D4D8
:10D30900363F02200CA6FF8D00D470B602AB01B7E0
:10D3190002B602A18024CDB604A10126E84F8D00F2
:10D32900D47020E78788895EB60142891E03B6005A
:10D339004272FB014F02891E05B6014272FB015B75
:10D349000684875D2B06905D2B0A658750905D2BBF
:10D3590007655087905020F9905020EE4D270458CA
:10D369004A26FC874D2704544A26FC873538001085
:10D37900B600C70011B601C70012B602C70013B63E
:10D3890003C70014B604C70015B605C70016B606CC
:10D39900C70017B607C700188D00D91EAE02DBBF3C
:10D3A9000090AE0010AE00098D00CD88AC00D91EEA
:10D3B900A602C103CA2608350303CA8D00ADA3A678
:10D3C90003C103CA262BCE039A5D2625C603B5449D
:10D3D900A401A100261B720003B516350403CAC6B1
:10D3E90003CB905F9097AE02A98D00D95F350003FA
:10D3F900CA87721350058D00D6AF721F03B45FCF71
:10D4090003727215500572175005721D03B172131C
:10D419005005721403B2AE0384CF0390350A03BAE0
:10D42900AE1965CF016AAE6378CF016C87B7017217
:10D4390017500F721B50003F0020137219500072D1
:10D4490012500FB60148B701B600AB01B700B600DC
:10D45900A10824127213500FB601A480A10027DB82
:10D469007218500020D987B7017217500F721A50DD
:10D47900003F002013721950007212500FB6014874
:10D48900B701B600AB01B700B600A10824127213A8
:10D49900500FB601A480A10027DB7218500020D9D3
:10D4A9008735AB02A95503C702AA35E102AB350797
:10D4B90002AC3F0120143F005FB60197D60142BE7E
:10D4C90000D702ADB601AB01B701B601A10725E648
:10D4D900350B03CB350303CA878D00C0785201BFD2
:10D4E900088D00D8AC8D00D6D08D00D8AC8D00D673
:10D4F900D0C6039F6B01961C00019093BE0889A6B4
:10D50900018D00D645855B01AC00C13E7215500204
:10D519007215500372155004721150077210500899
:10D52900721150093500039E3501039E3500039E93
:10D539003500039E3501039E3500039E8772105006
:10D54900C2720350C2FB350150C8721250C935006E
:10D5590050C0356450C3350350C4721450C2C6500C
:10D56900C2444444A401A10027F4873580013C3515
:10D5790004013D350003A13501013EA601C1014168
:10D589002607AE000CCF013F87A602C1014126063E
:10D59900AE001CCF013F878D00D5153500039D35A1
:10D5A90001039D7210500272105003721150008DC8
:10D5B90000D6208D00D14A8D00D8098D00CF73ACDB
:10D5C90000D20A887B05B7051E06BF061C00041F8A
:10D5D9000624020C055F92AF0005885CA3000426AF
:10D5E900F5320007320006320005320004848789CB
:10D5F900FE9093855C5C905D271C89FEBF00855C6D
:10D609005C89FEBF02855C5C515A92D60092D702B2
:10D619005A2AF75120D9877212500772125008728C
:10D629001350057214500772145008721550057280
:10D639001650077216500872175005878890F6F72A
:10D649005C905C0A0126F684875F9784B70290850F
:10D6590072BB00005AF688B30026F99089B6028891
:10D66900873B00083F088D00D8AC8D00D6D08D00CF
:10D67900D930A626C4039FA1242706B608A1C82528
:10D68900E532000887350050F3A6E0C450F3AA0537
:10D69900C750F3A63FC450F3AA80C750F372125083
:10D6A900CB721550CB877219500C7219500D721923
:10D6B900500EA6FCC450A1C750A1721D500C721C7B
:10D6C900500D721D500E8735FF001035FF00118D6A
:10D6D90000D91EAE02DBBF0090AE0010AE00028D75
:10D6E90000CD88AC00D91E35AE50539D35565053E8
:10D6F9009D72075054FB9D358050519D3555480BFF
:10D709009D35AA480C8790AE938D2011931C000378
:10D7190089938D00D90785928D0005909390A393E5
:10D72900A126E98789FE9093855C5C905D27128923
:10D73900FEBF00855C5C515A926F005A2AFA51204B
:10D74900E387721203B3721F03B2721503B3721D1A
:10D7590003B2721903B272135005350003BC87BFB7
:10D7690000905F200C1C0001A3006E25F872A9002F
:10D779000190B30024035F20EF8755520400007223
:10D78900035203FBC752049D72015203FB55520415
:10D799000000B600878A84A4BF88868D00C0BF8D2B
:10D7A90000C0C48D00CD078D00C0FF8D00C0F4807E
:10D7B9008A84A4BF88868D00C0BF8D00C0C48D0037
:10D7C900C68D8D00C0FF8D00C0F4808A84A4BF88F7
:10D7D900868D00C0BF8D00C0C48D00CAB88D00C041
:10D7E900FF8D00C0F480C700108D00D91EAE02DB8A
:10D7F900BF0090AE00105F5C8D00CD88AC00D91ED3
:10D809007212500C7212500D7212500E7210500C8E
:10D819007210500D7210500E877215500C72145000
:10D829000D7215500E7217500C7216500D7217505A
:10D839000E87B700B600A40FB700B600A10A2405E9
:10D84900B600AA3087B600AB37874D26057213504C
:10D859005487721750548792BC00018792BD00010A
:10D8690087AE07FF948D00D93D5D27048D00D70F42
:10D879008D00C1BFAC00D9398D00C0785202BF08F4
:10D88900BE081F01965CA6018D00D96020F24D26C5
:10D89900093556505335AE50538735AE505335562A
:10D8A9005053873F004FB7002006B600AB01B700C1
:10D8B900B600A11125F487B7013F0020079DB600E6
:10D8C900AB01B700B600B10125F3873500505035DB
:10D8D90000505172175054721350548735CC50E090
:10D8E900355550E0350350E135AA50E087350652E9
:10D8F900E835F952E9721052E0721052E48788F65D
:10D90900B705E601B706E602B7078487AE02CCBFC2
:10D91900025FBF0087720E5203FB8744444EA40F77
:10D929008789858D00D88135AA50E087AC00D94018
:10D93900AC00D92A5F5C879D20FD8780808080802C
:10D9490080808080808080808080808080808080CE
:08D959008080808080808787B8
:040000050000D86AB5
>>>>>>> SCX1702_LCD_for_RSSI
:00000001FF
